k,freq_hz,coherence
0,0,0.716749072
1,48.828125,0.984111965
2,97.65625,0.986354828
3,146.484375,0.985472798
4,195.3125,0.987226069
5,244.140625,0.99342984
6,292.96875,0.988905847
7,341.796875,0.989657104
8,390.625,0.992371261
9,439.453125,0.995510101
10,488.28125,0.993556201
11,537.109375,0.996301889
12,585.9375,0.994118094
13,634.765625,0.993227839
14,683.59375,0.99437362
15,732.421875,0.993722856
16,781.25,0.995302856
17,830.078125,0.996357143
18,878.90625,0.995945394
19,927.734375,0.995693028
20,976.5625,0.996732175
21,1025.39062,0.997301161
22,1074.21875,0.997007191
23,1123.04688,0.997230172
24,1171.875,0.997715592
25,1220.70312,0.997332752
26,1269.53125,0.996630907
27,1318.35938,0.998685002
28,1367.1875,0.997957647
29,1416.01562,0.99838382
30,1464.84375,0.998225987
31,1513.67188,0.99854964
32,1562.5,0.998616576
33,1611.32812,0.998751283
34,1660.15625,0.99843657
35,1708.98438,0.998621881
36,1757.8125,0.999242842
37,1806.64062,0.998981833
38,1855.46875,0.999066472
39,1904.29688,0.99872613
40,1953.125,0.999152362
41,2001.95312,0.99887377
42,2050.78125,0.998692691
43,2099.60938,0.999277532
44,2148.4375,0.999327064
45,2197.26562,0.99920994
46,2246.09375,0.99904269
47,2294.92188,0.999413788
48,2343.75,0.999196947
49,2392.57812,0.998643398
50,2441.40625,0.999195039
51,2490.23438,0.999114275
52,2539.0625,0.999112487
53,2587.89062,0.999474466
54,2636.71875,0.999001026
55,2685.54688,0.99830395
56,2734.375,0.998738408
57,2783.20312,0.998733759
58,2832.03125,0.999242365
59,2880.85938,0.998426855
60,2929.6875,0.9990381
61,2978.51562,0.998539448
62,3027.34375,0.99843502
63,3076.17188,0.998517513
64,3125,0.998217762
65,3173.82812,0.998560369
66,3222.65625,0.998687088
67,3271.48438,0.998841465
68,3320.3125,0.99896872
69,3369.14062,0.99904412
70,3417.96875,0.998876631
71,3466.79688,0.999041915
72,3515.625,0.998724639
73,3564.45312,0.99887532
74,3613.28125,0.998952746
75,3662.10938,0.998815
76,3710.9375,0.998747945
77,3759.76562,0.998573124
78,3808.59375,0.99868387
79,3857.42188,0.997574747
80,3906.25,0.998241127
81,3955.07812,0.998902798
82,4003.90625,0.99841857
83,4052.73438,0.998630822
84,4101.5625,0.998141944
85,4150.39062,0.998228431
86,4199.21875,0.9989658
87,4248.04688,0.998898447
88,4296.875,0.998828113
89,4345.70312,0.999155521
90,4394.53125,0.998758256
91,4443.35938,0.998755336
92,4492.1875,0.998238385
93,4541.01562,0.998775005
94,4589.84375,0.99788624
95,4638.67188,0.998329222
96,4687.5,0.997850657
97,4736.32812,0.998222947
98,4785.15625,0.99866569
99,4833.98438,0.998085618
100,4882.8125,0.998927474
101,4931.64062,0.998298883
102,4980.46875,0.998326182
103,5029.29688,0.998820305
104,5078.125,0.999203503
105,5126.95312,0.998003304
106,5175.78125,0.998059452
107,5224.60938,0.997488856
108,5273.4375,0.998378217
109,5322.26562,0.998237252
110,5371.09375,0.998331606
111,5419.92188,0.998435378
112,5468.75,0.998633325
113,5517.57812,0.998626649
114,5566.40625,0.997924864
115,5615.23438,0.99876529
116,5664.0625,0.998371482
117,5712.89062,0.998003781
118,5761.71875,0.998229742
119,5810.54688,0.998036146
120,5859.375,0.998591423
121,5908.20312,0.998770118
122,5957.03125,0.998441398
123,6005.85938,0.99882102
124,6054.6875,0.998434007
125,6103.51562,0.998128653
126,6152.34375,0.998417735
127,6201.17188,0.997760773
128,6250,0.997807622
129,6298.82812,0.997880399
130,6347.65625,0.998365402
131,6396.48438,0.99759084
132,6445.3125,0.998479843
133,6494.14062,0.998266697
134,6542.96875,0.997198582
135,6591.79688,0.997410953
136,6640.625,0.998320818
137,6689.45312,0.997912169
138,6738.28125,0.997995377
139,6787.10938,0.997908533
140,6835.9375,0.998281121
141,6884.76562,0.998707473
142,6933.59375,0.998391867
143,6982.42188,0.997665405
144,7031.25,0.997270703
145,7080.07812,0.997238517
146,7128.90625,0.998003185
147,7177.73438,0.997943461
148,7226.5625,0.997601569
149,7275.39062,0.996822774
150,7324.21875,0.997206509
151,7373.04688,0.997728169
152,7421.875,0.998157203
153,7470.70312,0.997299671
154,7519.53125,0.996669173
155,7568.35938,0.997818112
156,7617.1875,0.997630119
157,7666.01562,0.996610761
158,7714.84375,0.998211622
159,7763.67188,0.997879624
160,7812.5,0.996875882
161,7861.32812,0.996297598
162,7910.15625,0.996826291
163,7958.98438,0.997926176
164,8007.8125,0.996825159
165,8056.64062,0.997670472
166,8105.46875,0.998216927
167,8154.29688,0.996935427
168,8203.125,0.997731924
169,8251.95312,0.997110128
170,8300.78125,0.997820854
171,8349.60938,0.997278988
172,8398.4375,0.996699333
173,8447.26562,0.997857273
174,8496.09375,0.997875214
175,8544.92188,0.996344745
176,8593.75,0.996658206
177,8642.57812,0.997157276
178,8691.40625,0.995858133
179,8740.23438,0.998333514
180,8789.0625,0.997512102
181,8837.89062,0.997561812
182,8886.71875,0.997722387
183,8935.54688,0.995883286
184,8984.375,0.997498631
185,9033.20312,0.99604696
186,9082.03125,0.996242404
187,9130.85938,0.996798754
188,9179.6875,0.998043716
189,9228.51562,0.997482598
190,9277.34375,0.996301055
191,9326.17188,0.995370507
192,9375,0.996508956
193,9423.82812,0.997451723
194,9472.65625,0.996053994
195,9521.48438,0.995724678
196,9570.3125,0.997172534
197,9619.14062,0.996184468
198,9667.96875,0.996387482
199,9716.79688,0.99672389
200,9765.625,0.996658444
201,9814.45312,0.996811032
202,9863.28125,0.996901393
203,9912.10938,0.996322632
204,9960.9375,0.995183289
205,10009.7656,0.995645225
206,10058.5938,0.995913565
207,10107.4219,0.997329175
208,10156.25,0.996210456
209,10205.0781,0.994185507
210,10253.9062,0.995766997
211,10302.7344,0.997724533
212,10351.5625,0.996430576
213,10400.3906,0.993382871
214,10449.2188,0.996007919
215,10498.0469,0.994866312
216,10546.875,0.996157765
217,10595.7031,0.996917069
218,10644.5312,0.997665584
219,10693.3594,0.996753812
220,10742.1875,0.995392442
221,10791.0156,0.996610582
222,10839.8438,0.996153235
223,10888.6719,0.996153831
224,10937.5,0.996844113
225,10986.3281,0.99603945
226,11035.1562,0.995569527
227,11083.9844,0.996482253
228,11132.8125,0.996663749
229,11181.6406,0.996666551
230,11230.4688,0.996465504
231,11279.2969,0.99521488
232,11328.125,0.995031357
233,11376.9531,0.993800402
234,11425.7812,0.996721268
235,11474.6094,0.996176481
236,11523.4375,0.996863246
237,11572.2656,0.996298552
238,11621.0938,0.995008707
239,11669.9219,0.996628582
240,11718.75,0.997959495
241,11767.5781,0.995601356
242,11816.4062,0.994754851
243,11865.2344,0.996403694
244,11914.0625,0.994715154
245,11962.8906,0.995346963
246,12011.7188,0.99427861
247,12060.5469,0.994816422
248,12109.375,0.995922148
249,12158.2031,0.994626284
250,12207.0312,0.995872319
251,12255.8594,0.994453311
252,12304.6875,0.993412197
253,12353.5156,0.995814264
254,12402.3438,0.995090544
255,12451.1719,0.996245265
256,12500,0.995641649
257,12548.8281,0.995196998
258,12597.6562,0.994792223
259,12646.4844,0.994932353
260,12695.3125,0.994271815
261,12744.1406,0.994763851
262,12792.9688,0.994439662
263,12841.7969,0.994651318
264,12890.625,0.994935453
265,12939.4531,0.993742049
266,12988.2812,0.995166004
267,13037.1094,0.992389917
268,13085.9375,0.996667385
269,13134.7656,0.993418932
270,13183.5938,0.994502723
271,13232.4219,0.99375242
272,13281.25,0.99468118
273,13330.0781,0.993996322
274,13378.9062,0.995325446
275,13427.7344,0.995022476
276,13476.5625,0.994981349
277,13525.3906,0.992419064
278,13574.2188,0.99750036
279,13623.0469,0.996686757
280,13671.875,0.995139956
281,13720.7031,0.994322121
282,13769.5312,0.996141672
283,13818.3594,0.997392952
284,13867.1875,0.993499875
285,13916.0156,0.994793952
286,13964.8438,0.993898094
287,14013.6719,0.995584488
288,14062.5,0.994206905
289,14111.3281,0.996322334
290,14160.1562,0.994280994
291,14208.9844,0.99557364
292,14257.8125,0.996536076
293,14306.6406,0.996201694
294,14355.4688,0.99361527
295,14404.2969,0.994342923
296,14453.125,0.99211514
297,14501.9531,0.994016826
298,14550.7812,0.996254444
299,14599.6094,0.993718326
300,14648.4375,0.99543339
301,14697.2656,0.995985925
302,14746.0938,0.995694697
303,14794.9219,0.993374825
304,14843.75,0.993321538
305,14892.5781,0.994626582
306,14941.4062,0.996245682
307,14990.2344,0.99666661
308,15039.0625,0.993640661
309,15087.8906,0.995556831
310,15136.7188,0.99473542
311,15185.5469,0.997456968
312,15234.375,0.996464729
313,15283.2031,0.992544711
314,15332.0312,0.995478392
315,15380.8594,0.993019402
316,15429.6875,0.995431781
317,15478.5156,0.993685424
318,15527.3438,0.995530844
319,15576.1719,0.991277218
320,15625,0.997002006
321,15673.8281,0.990814447
322,15722.6562,0.992653012
323,15771.4844,0.99339211
324,15820.3125,0.991247356
325,15869.1406,0.994538069
326,15917.9688,0.992433965
327,15966.7969,0.992357612
328,16015.625,0.993597388
329,16064.4531,0.993267953
330,16113.2812,0.99530983
331,16162.1094,0.993034601
332,16210.9375,0.994947016
333,16259.7656,0.994990647
334,16308.5938,0.993252993
335,16357.4219,0.992115855
336,16406.25,0.995850742
337,16455.0781,0.992764711
338,16503.9062,0.994755089
339,16552.7344,0.99512893
340,16601.5625,0.991954863
341,16650.3906,0.995037854
342,16699.2188,0.993506372
343,16748.0469,0.9943012
344,16796.875,0.994010806
345,16845.7031,0.990351915
346,16894.5312,0.992908597
347,16943.3594,0.992735744
348,16992.1875,0.995960355
349,17041.0156,0.995921373
350,17089.8438,0.991766036
351,17138.6719,0.993780196
352,17187.5,0.991581202
353,17236.3281,0.992339671
354,17285.1562,0.995434105
355,17333.9844,0.990011334
356,17382.8125,0.990744233
357,17431.6406,0.992593527
358,17480.4688,0.992674053
359,17529.2969,0.994431794
360,17578.125,0.992059708
361,17626.9531,0.989867628
362,17675.7812,0.993240774
363,17724.6094,0.995309412
364,17773.4375,0.993211806
365,17822.2656,0.988543093
366,17871.0938,0.994633913
367,17919.9219,0.995411038
368,17968.75,0.99219954
369,18017.5781,0.993035257
370,18066.4062,0.993496299
371,18115.2344,0.995574296
372,18164.0625,0.99029392
373,18212.8906,0.993771613
374,18261.7188,0.991481662
375,18310.5469,0.99428302
376,18359.375,0.989207149
377,18408.2031,0.988613307
378,18457.0312,0.991892099
379,18505.8594,0.993011355
380,18554.6875,0.994372606
381,18603.5156,0.991895914
382,18652.3438,0.994150102
383,18701.1719,0.987853944
384,18750,0.99247843
385,18798.8281,0.990751982
386,18847.6562,0.992301524
387,18896.4844,0.9924016
388,18945.3125,0.992918372
389,18994.1406,0.990924239
390,19042.9688,0.994770885
391,19091.7969,0.992818594
392,19140.625,0.988189697
393,19189.4531,0.995491505
394,19238.2812,0.990345538
395,19287.1094,0.994708657
396,19335.9375,0.992616951
397,19384.7656,0.99057579
398,19433.5938,0.99468863
399,19482.4219,0.991635799
400,19531.25,0.99006933
401,19580.0781,0.993614256
402,19628.9062,0.991494298
403,19677.7344,0.989779413
404,19726.5625,0.992999017
405,19775.3906,0.992298067
406,19824.2188,0.990840018
407,19873.0469,0.992257833
408,19921.875,0.994449914
409,19970.7031,0.992584109
410,20019.5312,0.984911501
411,20068.3594,0.990554094
412,20117.1875,0.992509067
413,20166.0156,0.991085172
414,20214.8438,0.988745689
415,20263.6719,0.990986943
416,20312.5,0.988932192
417,20361.3281,0.992395818
418,20410.1562,0.988542199
419,20458.9844,0.9928599
420,20507.8125,0.991341591
421,20556.6406,0.993212163
422,20605.4688,0.990887105
423,20654.2969,0.988018155
424,20703.125,0.993744373
425,20751.9531,0.995147526
426,20800.7812,0.989289284
427,20849.6094,0.992860198
428,20898.4375,0.984965086
429,20947.2656,0.986204863
430,20996.0938,0.992638052
431,21044.9219,0.98918736
432,21093.75,0.990351617
433,21142.5781,0.987320542
434,21191.4062,0.994658649
435,21240.2344,0.988296032
436,21289.0625,0.988299489
437,21337.8906,0.985071599
438,21386.7188,0.992035747
439,21435.5469,0.9881832
440,21484.375,0.989373028
441,21533.2031,0.991391182
442,21582.0312,0.991058528
443,21630.8594,0.991103292
444,21679.6875,0.989941478
445,21728.5156,0.987491846
446,21777.3438,0.98990798
447,21826.1719,0.993650913
448,21875,0.993291259
449,21923.8281,0.988365054
450,21972.6562,0.989868879
451,22021.4844,0.988839269
452,22070.3125,0.991801023
453,22119.1406,0.989457905
454,22167.9688,0.991205037
455,22216.7969,0.993513942
456,22265.625,0.988313735
457,22314.4531,0.990750849
458,22363.2812,0.994569719
459,22412.1094,0.990945935
460,22460.9375,0.991146743
461,22509.7656,0.983106136
462,22558.5938,0.989464819
463,22607.4219,0.98636663
464,22656.25,0.987160206
465,22705.0781,0.991087019
466,22753.9062,0.991600156
467,22802.7344,0.985789776
468,22851.5625,0.991649926
469,22900.3906,0.988977373
470,22949.2188,0.991955519
471,22998.0469,0.99021399
472,23046.875,0.986706972
473,23095.7031,0.98683244
474,23144.5312,0.989554822
475,23193.3594,0.991886139
476,23242.1875,0.987419665
477,23291.0156,0.990597308
478,23339.8438,0.982466996
479,23388.6719,0.989899099
480,23437.5,0.988462806
481,23486.3281,0.992750287
482,23535.1562,0.99378258
483,23583.9844,0.987064421
484,23632.8125,0.983097792
485,23681.6406,0.990619898
486,23730.4688,0.983675301
487,23779.2969,0.984779358
488,23828.125,0.994583845
489,23876.9531,0.984551787
490,23925.7812,0.992693722
491,23974.6094,0.987309098
492,24023.4375,0.991025329
493,24072.2656,0.991240799
494,24121.0938,0.991246045
495,24169.9219,0.988517523
496,24218.75,0.989741206
497,24267.5781,0.98806572
498,24316.4062,0.989423811
499,24365.2344,0.989107549
500,24414.0625,0.992035747
501,24462.8906,0.987098336
502,24511.7188,0.98913902
503,24560.5469,0.985861838
504,24609.375,0.989530146
505,24658.2031,0.984488428
506,24707.0312,0.985605597
507,24755.8594,0.98896271
508,24804.6875,0.986976206
509,24853.5156,0.993488789
510,24902.3438,0.985628426
511,24951.1719,0.986257792
512,25000,0.986345768
513,25048.8281,0.981569469
514,25097.6562,0.989453197
515,25146.4844,0.98636663
516,25195.3125,0.977584004
517,25244.1406,0.991426587
518,25292.9688,0.992709696
519,25341.7969,0.99085027
520,25390.625,0.987246454
521,25439.4531,0.991172373
522,25488.2812,0.98587811
523,25537.1094,0.981051624
524,25585.9375,0.987683892
525,25634.7656,0.991934061
526,25683.5938,0.986424625
527,25732.4219,0.990281999
528,25781.25,0.984645188
529,25830.0781,0.981134355
530,25878.9062,0.984943569
531,25927.7344,0.977786183
532,25976.5625,0.988886952
533,26025.3906,0.988699615
534,26074.2188,0.990764916
535,26123.0469,0.984669566
536,26171.875,0.978559017
537,26220.7031,0.989068806
538,26269.5312,0.980401754
539,26318.3594,0.983678222
540,26367.1875,0.983664989
541,26416.0156,0.98360163
542,26464.8438,0.987535655
543,26513.6719,0.982834637
544,26562.5,0.983502507
545,26611.3281,0.988596916
546,26660.1562,0.986352205
547,26708.9844,0.978816092
548,26757.8125,0.98767662
549,26806.6406,0.988990664
550,26855.4688,0.984443665
551,26904.2969,0.985756576
552,26953.125,0.984197319
553,27001.9531,0.986548543
554,27050.7812,0.98497349
555,27099.6094,0.987677872
556,27148.4375,0.986919463
557,27197.2656,0.988590896
558,27246.0938,0.981610119
559,27294.9219,0.988260627
560,27343.75,0.984305799
561,27392.5781,0.98260951
562,27441.4062,0.989532471
563,27490.2344,0.975945234
564,27539.0625,0.989726901
565,27587.8906,0.985633433
566,27636.7188,0.978590667
567,27685.5469,0.982959569
568,27734.375,0.983753443
569,27783.2031,0.982541442
570,27832.0312,0.982819438
571,27880.8594,0.984140575
572,27929.6875,0.985419452
573,27978.5156,0.987376511
574,28027.3438,0.983396828
575,28076.1719,0.988531232
576,28125,0.980940044
577,28173.8281,0.983824432
578,28222.6562,0.978188038
579,28271.4844,0.981062412
580,28320.3125,0.980962515
581,28369.1406,0.968813121
582,28417.9688,0.98789984
583,28466.7969,0.981694639
584,28515.625,0.98541218
585,28564.4531,0.978818357
586,28613.2812,0.978145838
587,28662.1094,0.97539866
588,28710.9375,0.974664211
589,28759.7656,0.979577899
590,28808.5938,0.976015866
591,28857.4219,0.985368669
592,28906.25,0.975590289
593,28955.0781,0.982982934
594,29003.9062,0.983244538
595,29052.7344,0.990309477
596,29101.5625,0.990147591
597,29150.3906,0.986113787
598,29199.2188,0.98296994
599,29248.0469,0.977462888
600,29296.875,0.978723705
601,29345.7031,0.984631002
602,29394.5312,0.984297693
603,29443.3594,0.978186786
604,29492.1875,0.983383
605,29541.0156,0.979616642
606,29589.8438,0.968633413
607,29638.6719,0.981057227
608,29687.5,0.985244513
609,29736.3281,0.985642016
610,29785.1562,0.973184168
611,29833.9844,0.988661349
612,29882.8125,0.971345365
613,29931.6406,0.98269397
614,29980.4688,0.974607468
615,30029.2969,0.96969825
616,30078.125,0.987990499
617,30126.9531,0.976426244
618,30175.7812,0.977349281
619,30224.6094,0.979579568
620,30273.4375,0.984015346
621,30322.2656,0.987894535
622,30371.0938,0.986601591
623,30419.9219,0.984457433
624,30468.75,0.978119016
625,30517.5781,0.97433573
626,30566.4062,0.985689104
627,30615.2344,0.987486601
628,30664.0625,0.98367697
629,30712.8906,0.97783941
630,30761.7188,0.979817748
631,30810.5469,0.981461644
632,30859.375,0.981091082
633,30908.2031,0.983367324
634,30957.0312,0.979346812
635,31005.8594,0.975564122
636,31054.6875,0.984205306
637,31103.5156,0.977584481
638,31152.3438,0.982235909
639,31201.1719,0.981293619
640,31250,0.982693374
641,31298.8281,0.973073423
642,31347.6562,0.975023448
643,31396.4844,0.972964823
644,31445.3125,0.983820379
645,31494.1406,0.986357629
646,31542.9688,0.977914155
647,31591.7969,0.980459571
648,31640.625,0.976256728
649,31689.4531,0.975443006
650,31738.2812,0.979716539
651,31787.1094,0.988478482
652,31835.9375,0.970016062
653,31884.7656,0.972064555
654,31933.5938,0.987891078
655,31982.4219,0.981537282
656,32031.25,0.97428304
657,32080.0781,0.973065615
658,32128.9062,0.97973752
659,32177.7344,0.979793489
660,32226.5625,0.976213157
661,32275.3906,0.971848786
662,32324.2188,0.979739249
663,32373.0469,0.985818148
664,32421.875,0.979588747
665,32470.7031,0.971714973
666,32519.5312,0.961274624
667,32568.3594,0.981992304
668,32617.1875,0.985347748
669,32666.0156,0.985453546
670,32714.8438,0.978079975
671,32763.6719,0.971617818
672,32812.5,0.96792835
673,32861.3281,0.978142798
674,32910.1562,0.97889334
675,32958.9844,0.974905014
676,33007.8125,0.984705567
677,33056.6406,0.972228825
678,33105.4688,0.977989316
679,33154.2969,0.97042197
680,33203.125,0.975011349
681,33251.9531,0.974824667
682,33300.7812,0.981832981
683,33349.6094,0.980256677
684,33398.4375,0.971305072
685,33447.2656,0.980996549
686,33496.0938,0.966001749
687,33544.9219,0.975995064
688,33593.75,0.977439642
689,33642.5781,0.978959501
690,33691.4062,0.977773845
691,33740.2344,0.975376606
692,33789.0625,0.985828578
693,33837.8906,0.983274102
694,33886.7188,0.977946043
695,33935.5469,0.957551539
696,33984.375,0.981500566
697,34033.2031,0.977797747
698,34082.0312,0.958490729
699,34130.8594,0.974759042
700,34179.6875,0.978981912
701,34228.5156,0.978173614
702,34277.3438,0.970433533
703,34326.1719,0.977303803
704,34375,0.968337178
705,34423.8281,0.97560972
706,34472.6562,0.974222898
707,34521.4844,0.975436211
708,34570.3125,0.978909194
709,34619.1406,0.975544512
710,34667.9688,0.976907015
711,34716.7969,0.984258056
712,34765.625,0.973721504
713,34814.4531,0.979160786
714,34863.2812,0.969742239
715,34912.1094,0.976261556
716,34960.9375,0.985158086
717,35009.7656,0.97447902
718,35058.5938,0.968460798
719,35107.4219,0.98060745
720,35156.25,0.976694703
721,35205.0781,0.978295207
722,35253.9062,0.987342179
723,35302.7344,0.972832441
724,35351.5625,0.981740236
725,35400.3906,0.962345541
726,35449.2188,0.973678708
727,35498.0469,0.972040772
728,35546.875,0.96871537
729,35595.7031,0.985650301
730,35644.5312,0.974376738
731,35693.3594,0.983350813
732,35742.1875,0.971178889
733,35791.0156,0.969174385
734,35839.8438,0.987412393
735,35888.6719,0.974128008
736,35937.5,0.971075118
737,35986.3281,0.981855452
738,36035.1562,0.975282967
739,36083.9844,0.963143349
740,36132.8125,0.97982657
741,36181.6406,0.967393637
742,36230.4688,0.965716422
743,36279.2969,0.963105381
744,36328.125,0.969207704
745,36376.9531,0.980517328
746,36425.7812,0.97598654
747,36474.6094,0.969752192
748,36523.4375,0.978341877
749,36572.2656,0.976100981
750,36621.0938,0.981111646
751,36669.9219,0.974789023
752,36718.75,0.981142223
753,36767.5781,0.981057882
754,36816.4062,0.977782428
755,36865.2344,0.969419837
756,36914.0625,0.976872444
757,36962.8906,0.973840892
758,37011.7188,0.971030354
759,37060.5469,0.972636759
760,37109.375,0.964084446
761,37158.2031,0.980098903
762,37207.0312,0.965021551
763,37255.8594,0.968986273
764,37304.6875,0.978199899
765,37353.5156,0.967080891
766,37402.3438,0.97274822
767,37451.1719,0.970859885
768,37500,0.985161126
769,37548.8281,0.964491844
770,37597.6562,0.971631885
771,37646.4844,0.972376466
772,37695.3125,0.978142917
773,37744.1406,0.975033939
774,37792.9688,0.967616796
775,37841.7969,0.972104967
776,37890.625,0.958971262
777,37939.4531,0.969510198
778,37988.2812,0.974437237
779,38037.1094,0.972375154
780,38085.9375,0.962292612
781,38134.7656,0.964865088
782,38183.5938,0.976393402
783,38232.4219,0.958588004
784,38281.25,0.972536445
785,38330.0781,0.980197072
786,38378.9062,0.980262816
787,38427.7344,0.970561087
788,38476.5625,0.965075076
789,38525.3906,0.966805458
790,38574.2188,0.973553658
791,38623.0469,0.97193706
792,38671.875,0.964295805
793,38720.7031,0.961117268
794,38769.5312,0.962986529
795,38818.3594,0.952135444
796,38867.1875,0.957652211
797,38916.0156,0.983230472
798,38964.8438,0.957026064
799,39013.6719,0.977429271
800,39062.5,0.959411025
801,39111.3281,0.972740531
802,39160.1562,0.982937157
803,39208.9844,0.970954895
804,39257.8125,0.986955822
805,39306.6406,0.962371349
806,39355.4688,0.962355018
807,39404.2969,0.983509123
808,39453.125,0.967319548
809,39501.9531,0.980633914
810,39550.7812,0.968904912
811,39599.6094,0.954648376
812,39648.4375,0.969241679
813,39697.2656,0.966707826
814,39746.0938,0.959003627
815,39794.9219,0.965315878
816,39843.75,0.956149518
817,39892.5781,0.969074547
818,39941.4062,0.958429396
819,39990.2344,0.959013224
820,40039.0625,0.964778423
821,40087.8906,0.962919891
822,40136.7188,0.967342675
823,40185.5469,0.97487998
824,40234.375,0.973395646
825,40283.2031,0.974424362
826,40332.0312,0.973456204
827,40380.8594,0.96797961
828,40429.6875,0.96942997
829,40478.5156,0.968200564
830,40527.3438,0.967687488
831,40576.1719,0.958826065
832,40625,0.96953088
833,40673.8281,0.973624945
834,40722.6562,0.964093029
835,40771.4844,0.96612078
836,40820.3125,0.966875672
837,40869.1406,0.962000608
838,40917.9688,0.973009408
839,40966.7969,0.976599574
840,41015.625,0.974193037
841,41064.4531,0.96667707
842,41113.2812,0.964025319
843,41162.1094,0.964269876
844,41210.9375,0.981340528
845,41259.7656,0.973707557
846,41308.5938,0.943587482
847,41357.4219,0.936220586
848,41406.25,0.971632421
849,41455.0781,0.971664786
850,41503.9062,0.971392512
851,41552.7344,0.968006492
852,41601.5625,0.972715437
853,41650.3906,0.956718564
854,41699.2188,0.959768713
855,41748.0469,0.962287486
856,41796.875,0.952472568
857,41845.7031,0.962864459
858,41894.5312,0.97257936
859,41943.3594,0.958458364
860,41992.1875,0.967423141
861,42041.0156,0.967885315
862,42089.8438,0.957473576
863,42138.6719,0.961836278
864,42187.5,0.96633786
865,42236.3281,0.961498141
866,42285.1562,0.97280848
867,42333.9844,0.951910853
868,42382.8125,0.961159348
869,42431.6406,0.967521787
870,42480.4688,0.970771015
871,42529.2969,0.955524743
872,42578.125,0.966465473
873,42626.9531,0.962430596
874,42675.7812,0.970095456
875,42724.6094,0.961715579
876,42773.4375,0.976082981
877,42822.2656,0.964050531
878,42871.0938,0.971385717
879,42919.9219,0.964258194
880,42968.75,0.969096243
881,43017.5781,0.959725678
882,43066.4062,0.97636801
883,43115.2344,0.958732724
884,43164.0625,0.946130514
885,43212.8906,0.956472337
886,43261.7188,0.972517192
887,43310.5469,0.962959766
888,43359.375,0.952315032
889,43408.2031,0.959915161
890,43457.0312,0.947423637
891,43505.8594,0.959331214
892,43554.6875,0.950543046
893,43603.5156,0.957539618
894,43652.3438,0.966265202
895,43701.1719,0.941593111
896,43750,0.968883872
897,43798.8281,0.956907332
898,43847.6562,0.934657812
899,43896.4844,0.954198539
900,43945.3125,0.960327208
901,43994.1406,0.963741779
902,44042.9688,0.96456033
903,44091.7969,0.944199741
904,44140.625,0.958921254
905,44189.4531,0.968043923
906,44238.2812,0.952705801
907,44287.1094,0.935091615
908,44335.9375,0.972000301
909,44384.7656,0.935743988
910,44433.5938,0.951350212
911,44482.4219,0.976342261
912,44531.25,0.960060239
913,44580.0781,0.95759964
914,44628.9062,0.940321743
915,44677.7344,0.929638326
916,44726.5625,0.957224429
917,44775.3906,0.97080797
918,44824.2188,0.978842318
919,44873.0469,0.971062958
920,44921.875,0.970208466
921,44970.7031,0.967173219
922,45019.5312,0.969800949
923,45068.3594,0.962229908
924,45117.1875,0.949399889
925,45166.0156,0.937648952
926,45214.8438,0.952653825
927,45263.6719,0.961659074
928,45312.5,0.947169065
929,45361.3281,0.962779999
930,45410.1562,0.937918365
931,45458.9844,0.951682091
932,45507.8125,0.944835067
933,45556.6406,0.965702474
934,45605.4688,0.947283447
935,45654.2969,0.957258403
936,45703.125,0.934850097
937,45751.9531,0.932821512
938,45800.7812,0.967283487
939,45849.6094,0.947554052
940,45898.4375,0.948585391
941,45947.2656,0.929602742
942,45996.0938,0.960778415
943,46044.9219,0.959145188
944,46093.75,0.952277064
945,46142.5781,0.940140486
946,46191.4062,0.949229419
947,46240.2344,0.92280215
948,46289.0625,0.949574947
949,46337.8906,0.940963209
950,46386.7188,0.952845395
951,46435.5469,0.917844057
952,46484.375,0.949553132
953,46533.2031,0.948499024
954,46582.0312,0.947778463
955,46630.8594,0.961601436
956,46679.6875,0.955612719
957,46728.5156,0.952589631
958,46777.3438,0.955242276
959,46826.1719,0.948593736
960,46875,0.937210619
961,46923.8281,0.915321946
962,46972.6562,0.890892863
963,47021.4844,0.925357521
964,47070.3125,0.927470922
965,47119.1406,0.924654126
966,47167.9688,0.956571698
967,47216.7969,0.94064033
968,47265.625,0.944896281
969,47314.4531,0.965826094
970,47363.2812,0.944890916
971,47412.1094,0.948857725
972,47460.9375,0.941946924
973,47509.7656,0.940644503
974,47558.5938,0.959986567
975,47607.4219,0.922864914
976,47656.25,0.883110762
977,47705.0781,0.934617698
978,47753.9062,0.909866273
979,47802.7344,0.921265185
980,47851.5625,0.921106696
981,47900.3906,0.910044432
982,47949.2188,0.871861875
983,47998.0469,0.850464284
984,48046.875,0.909559608
985,48095.7031,0.909574747
986,48144.5312,0.873641193
987,48193.3594,0.864656508
988,48242.1875,0.889091074
989,48291.0156,0.838275373
990,48339.8438,0.85706526
991,48388.6719,0.878151894
992,48437.5,0.8900792
993,48486.3281,0.906049371
994,48535.1562,0.91113472
995,48583.9844,0.888787329
996,48632.8125,0.909273922
997,48681.6406,0.858778596
998,48730.4688,0.865859926
999,48779.2969,0.884232998
1000,48828.125,0.847474337
1001,48876.9531,0.896522701
1002,48925.7812,0.873072743
1003,48974.6094,0.83810699
1004,49023.4375,0.840341091
1005,49072.2656,0.775230646
1006,49121.0938,0.770510733
1007,49169.9219,0.763736725
1008,49218.75,0.778559625
1009,49267.5781,0.732389808
1010,49316.4062,0.610634625
1011,49365.2344,0.601368427
1012,49414.0625,0.570125163
1013,49462.8906,0.542536438
1014,49511.7188,0.521475613
1015,49560.5469,0.519864678
1016,49609.375,0.351973474
1017,49658.2031,0.322980314
1018,49707.0312,0.191937193
1019,49755.8594,0.187990144
1020,49804.6875,0.08398664
1021,49853.5156,0.151075304
1022,49902.3438,0.0682539344
1023,49951.1719,0.0287607927
1024,50000,0.00508463103
