n,time_s,adc_low,adc_high,adc_low_norm,adc_high_norm
0,0,79,54,0.30859375,0.2109375
1,1e-05,81,63,0.31640625,0.24609375
2,2e-05,82,70,0.3203125,0.2734375
3,3e-05,83,75,0.32421875,0.29296875
4,4e-05,83,78,0.32421875,0.3046875
5,5e-05,81,77,0.31640625,0.30078125
6,6e-05,83,83,0.32421875,0.32421875
7,7e-05,81,80,0.31640625,0.3125
8,8e-05,78,77,0.3046875,0.30078125
9,9e-05,78,80,0.3046875,0.3125
10,0.0001,77,79,0.30078125,0.30859375
11,0.00011,75,78,0.29296875,0.3046875
12,0.00012,74,77,0.2890625,0.30078125
13,0.00013,71,76,0.27734375,0.296875
14,0.00014,69,73,0.26953125,0.28515625
15,0.00015,66,71,0.2578125,0.27734375
16,0.00016,64,69,0.25,0.26953125
17,0.00017,62,67,0.2421875,0.26171875
18,0.00018,60,65,0.234375,0.25390625
19,0.00019,57,62,0.22265625,0.2421875
20,0.0002,55,60,0.21484375,0.234375
21,0.00021,51,57,0.19921875,0.22265625
22,0.00022,50,57,0.1953125,0.22265625
23,0.00023,48,55,0.1875,0.21484375
24,0.00024,44,51,0.171875,0.19921875
25,0.00025,42,48,0.1640625,0.1875
26,0.00026,39,45,0.15234375,0.17578125
27,0.00027,36,42,0.140625,0.1640625
28,0.00028,33,39,0.12890625,0.15234375
29,0.00029,30,36,0.1171875,0.140625
30,0.0003,27,33,0.10546875,0.12890625
31,0.00031,25,32,0.09765625,0.125
32,0.00032,22,28,0.0859375,0.109375
33,0.00033,19,25,0.07421875,0.09765625
34,0.00034,17,23,0.06640625,0.08984375
35,0.00035,13,18,0.05078125,0.0703125
36,0.00036,12,18,0.046875,0.0703125
37,0.00037,13,20,0.05078125,0.078125
38,0.00038,8,12,0.03125,0.046875
39,0.00039,6,10,0.0234375,0.0390625
40,0.0004,5,10,0.01953125,0.0390625
41,0.00041,3,8,0.01171875,0.03125
42,0.00042,4,11,0.015625,0.04296875
43,0.00043,0,2,0,0.0078125
44,0.00044,0,0,0,0
45,0.00045,0,1,0,0.00390625
46,0.00046,0,0,0,0
47,0.00047,0,0,0,0
48,0.00048,0,0,0,0
49,0.00049,0,0,0,0
50,0.0005,0,0,0,0
51,0.00051,0,0,0,0
52,0.00052,0,0,0,0
53,0.00053,0,0,0,0
54,0.00054,0,0,0,0
55,0.00055,0,0,0,0
56,0.00056,0,0,0,0
57,0.00057,2,0,0.0078125,0
58,0.00058,5,5,0.01953125,0.01953125
59,0.00059,5,3,0.01953125,0.01171875
60,0.0006,7,4,0.02734375,0.015625
61,0.00061,8,5,0.03125,0.01953125
62,0.00062,11,7,0.04296875,0.02734375
63,0.00063,12,8,0.046875,0.03125
64,0.00064,16,13,0.0625,0.05078125
65,0.00065,18,13,0.0703125,0.05078125
66,0.00066,21,16,0.08203125,0.0625
67,0.00067,23,17,0.08984375,0.06640625
68,0.00068,26,21,0.1015625,0.08203125
69,0.00069,28,23,0.109375,0.08984375
70,0.0007,32,26,0.125,0.1015625
71,0.00071,34,29,0.1328125,0.11328125
72,0.00072,36,29,0.140625,0.11328125
73,0.00073,40,34,0.15625,0.1328125
74,0.00074,39,31,0.15234375,0.12109375
75,0.00075,46,40,0.1796875,0.15625
76,0.00076,49,43,0.19140625,0.16796875
77,0.00077,53,49,0.20703125,0.19140625
78,0.00078,54,48,0.2109375,0.1875
79,0.00079,58,53,0.2265625,0.20703125
80,0.0008,59,54,0.23046875,0.2109375
81,0.00081,62,57,0.2421875,0.22265625
82,0.00082,64,59,0.25,0.23046875
83,0.00083,65,60,0.25390625,0.234375
84,0.00084,68,63,0.265625,0.24609375
85,0.00085,70,65,0.2734375,0.25390625
86,0.00086,74,73,0.2890625,0.28515625
87,0.00087,72,68,0.28125,0.265625
88,0.00088,75,72,0.29296875,0.28125
89,0.00089,76,73,0.296875,0.28515625
90,0.0009,76,74,0.296875,0.2890625
91,0.00091,77,76,0.30078125,0.296875
92,0.00092,77,76,0.30078125,0.296875
93,0.00093,78,77,0.3046875,0.30078125
94,0.00094,78,77,0.3046875,0.30078125
95,0.00095,78,77,0.3046875,0.30078125
96,0.00096,77,78,0.30078125,0.3046875
97,0.00097,76,77,0.296875,0.30078125
98,0.00098,76,77,0.296875,0.30078125
99,0.00099,75,78,0.29296875,0.3046875
100,0.001,74,75,0.2890625,0.29296875
101,0.00101,72,75,0.28125,0.29296875
102,0.00102,70,73,0.2734375,0.28515625
103,0.00103,68,72,0.265625,0.28125
104,0.00104,66,70,0.2578125,0.2734375
105,0.00105,64,69,0.25,0.26953125
106,0.00106,63,68,0.24609375,0.265625
107,0.00107,59,64,0.23046875,0.25
108,0.00108,55,60,0.21484375,0.234375
109,0.00109,53,59,0.20703125,0.23046875
110,0.0011,53,61,0.20703125,0.23828125
111,0.00111,45,51,0.17578125,0.19921875
112,0.00112,45,52,0.17578125,0.203125
113,0.00113,40,46,0.15625,0.1796875
114,0.00114,38,45,0.1484375,0.17578125
115,0.00115,35,42,0.13671875,0.1640625
116,0.00116,33,40,0.12890625,0.15625
117,0.00117,28,36,0.109375,0.140625
118,0.00118,26,33,0.1015625,0.12890625
119,0.00119,22,28,0.0859375,0.109375
120,0.0012,20,28,0.078125,0.109375
121,0.00121,17,24,0.06640625,0.09375
122,0.00122,16,23,0.0625,0.08984375
123,0.00123,11,18,0.04296875,0.0703125
124,0.00124,9,15,0.03515625,0.05859375
125,0.00125,7,13,0.02734375,0.05078125
126,0.00126,5,11,0.01953125,0.04296875
127,0.00127,4,10,0.015625,0.0390625
128,0.00128,2,7,0.0078125,0.02734375
129,0.00129,0,5,0,0.01953125
130,0.0013,0,2,0,0.0078125
131,0.00131,0,1,0,0.00390625
132,0.00132,0,1,0,0.00390625
133,0.00133,0,0,0,0
134,0.00134,0,0,0,0
135,0.00135,0,0,0,0
136,0.00136,0,0,0,0
137,0.00137,0,0,0,0
138,0.00138,0,0,0,0
139,0.00139,0,0,0,0
140,0.0014,0,0,0,0
141,0.00141,3,1,0.01171875,0.00390625
142,0.00142,5,3,0.01953125,0.01171875
143,0.00143,6,2,0.0234375,0.0078125
144,0.00144,8,4,0.03125,0.015625
145,0.00145,10,6,0.0390625,0.0234375
146,0.00146,13,8,0.05078125,0.03125
147,0.00147,16,11,0.0625,0.04296875
148,0.00148,18,13,0.0703125,0.05078125
149,0.00149,22,17,0.0859375,0.06640625
150,0.0015,25,19,0.09765625,0.07421875
151,0.00151,28,22,0.109375,0.0859375
152,0.00152,31,25,0.12109375,0.09765625
153,0.00153,35,29,0.13671875,0.11328125
154,0.00154,38,31,0.1484375,0.12109375
155,0.00155,41,35,0.16015625,0.13671875
156,0.00156,45,38,0.17578125,0.1484375
157,0.00157,48,41,0.1875,0.16015625
158,0.00158,52,45,0.203125,0.17578125
159,0.00159,54,46,0.2109375,0.1796875
160,0.0016,59,53,0.23046875,0.20703125
161,0.00161,58,51,0.2265625,0.19921875
162,0.00162,61,53,0.23828125,0.20703125
163,0.00163,66,60,0.2578125,0.234375
164,0.00164,69,65,0.26953125,0.25390625
165,0.00165,71,66,0.27734375,0.2578125
166,0.00166,73,69,0.28515625,0.26953125
167,0.00167,74,70,0.2890625,0.2734375
168,0.00168,75,71,0.29296875,0.27734375
169,0.00169,77,74,0.30078125,0.2890625
170,0.0017,75,70,0.29296875,0.2734375
171,0.00171,77,75,0.30078125,0.29296875
172,0.00172,77,76,0.30078125,0.296875
173,0.00173,78,77,0.3046875,0.30078125
174,0.00174,78,77,0.3046875,0.30078125
175,0.00175,77,78,0.30078125,0.3046875
176,0.00176,75,77,0.29296875,0.30078125
177,0.00177,74,76,0.2890625,0.296875
178,0.00178,73,75,0.28515625,0.29296875
179,0.00179,71,74,0.27734375,0.2890625
180,0.0018,71,76,0.27734375,0.296875
181,0.00181,67,71,0.26171875,0.27734375
182,0.00182,64,68,0.25,0.265625
183,0.00183,62,67,0.2421875,0.26171875
184,0.00184,59,65,0.23046875,0.25390625
185,0.00185,57,65,0.22265625,0.25390625
186,0.00186,53,59,0.20703125,0.23046875
187,0.00187,50,57,0.1953125,0.22265625
188,0.00188,46,53,0.1796875,0.20703125
189,0.00189,42,50,0.1640625,0.1953125
190,0.0019,39,46,0.15234375,0.1796875
191,0.00191,35,43,0.13671875,0.16796875
192,0.00192,31,39,0.12109375,0.15234375
193,0.00193,28,36,0.109375,0.140625
194,0.00194,23,30,0.08984375,0.1171875
195,0.00195,21,29,0.08203125,0.11328125
196,0.00196,18,26,0.0703125,0.1015625
197,0.00197,17,27,0.06640625,0.10546875
198,0.00198,11,18,0.04296875,0.0703125
199,0.00199,9,16,0.03515625,0.0625
200,0.002,6,13,0.0234375,0.05078125
201,0.00201,4,10,0.015625,0.0390625
202,0.00202,1,7,0.00390625,0.02734375
203,0.00203,2,8,0.0078125,0.03125
204,0.00204,0,5,0,0.01953125
205,0.00205,0,2,0,0.0078125
206,0.00206,0,1,0,0.00390625
207,0.00207,0,0,0,0
208,0.00208,0,0,0,0
209,0.00209,0,0,0,0
210,0.0021,0,0,0,0
211,0.00211,0,0,0,0
212,0.00212,0,0,0,0
213,0.00213,1,0,0.00390625,0
214,0.00214,3,0,0.01171875,0
215,0.00215,5,2,0.01953125,0.0078125
216,0.00216,7,3,0.02734375,0.01171875
217,0.00217,9,5,0.03515625,0.01953125
218,0.00218,13,7,0.05078125,0.02734375
219,0.00219,17,12,0.06640625,0.046875
220,0.0022,19,12,0.07421875,0.046875
221,0.00221,23,17,0.08984375,0.06640625
222,0.00222,26,19,0.1015625,0.07421875
223,0.00223,30,23,0.1171875,0.08984375
224,0.00224,32,23,0.125,0.08984375
225,0.00225,34,24,0.1328125,0.09375
226,0.00226,42,34,0.1640625,0.1328125
227,0.00227,45,37,0.17578125,0.14453125
228,0.00228,49,41,0.19140625,0.16015625
229,0.00229,52,45,0.203125,0.17578125
230,0.0023,55,48,0.21484375,0.1875
231,0.00231,58,50,0.2265625,0.1953125
232,0.00232,62,55,0.2421875,0.21484375
233,0.00233,65,58,0.25390625,0.2265625
234,0.00234,68,62,0.265625,0.2421875
235,0.00235,70,64,0.2734375,0.25
236,0.00236,70,63,0.2734375,0.24609375
237,0.00237,74,69,0.2890625,0.26953125
238,0.00238,75,71,0.29296875,0.27734375
239,0.00239,77,73,0.30078125,0.28515625
240,0.0024,77,74,0.30078125,0.2890625
241,0.00241,78,76,0.3046875,0.296875
242,0.00242,77,76,0.30078125,0.296875
243,0.00243,77,77,0.30078125,0.30078125
244,0.00244,77,78,0.30078125,0.3046875
245,0.00245,75,77,0.29296875,0.30078125
246,0.00246,74,76,0.2890625,0.296875
247,0.00247,72,75,0.28125,0.29296875
248,0.00248,73,79,0.28515625,0.30859375
249,0.00249,67,71,0.26171875,0.27734375
250,0.0025,64,69,0.25,0.26953125
251,0.00251,61,67,0.23828125,0.26171875
252,0.00252,57,62,0.22265625,0.2421875
253,0.00253,54,61,0.2109375,0.23828125
254,0.00254,50,58,0.1953125,0.2265625
255,0.00255,46,54,0.1796875,0.2109375
256,0.00256,42,49,0.1640625,0.19140625
257,0.00257,37,46,0.14453125,0.1796875
258,0.00258,36,46,0.140625,0.1796875
259,0.00259,30,39,0.1171875,0.15234375
260,0.0026,28,38,0.109375,0.1484375
261,0.00261,23,32,0.08984375,0.125
262,0.00262,19,27,0.07421875,0.10546875
263,0.00263,14,22,0.0546875,0.0859375
264,0.00264,12,21,0.046875,0.08203125
265,0.00265,9,17,0.03515625,0.06640625
266,0.00266,8,16,0.03125,0.0625
267,0.00267,4,11,0.015625,0.04296875
268,0.00268,1,7,0.00390625,0.02734375
269,0.00269,0,5,0,0.01953125
270,0.0027,0,2,0,0.0078125
271,0.00271,0,2,0,0.0078125
272,0.00272,0,0,0,0
273,0.00273,0,0,0,0
274,0.00274,0,0,0,0
275,0.00275,0,0,0,0
276,0.00276,0,0,0,0
277,0.00277,0,0,0,0
278,0.00278,2,0,0.0078125,0
279,0.00279,5,3,0.01953125,0.01171875
280,0.0028,7,4,0.02734375,0.015625
281,0.00281,10,6,0.0390625,0.0234375
282,0.00282,13,7,0.05078125,0.02734375
283,0.00283,17,11,0.06640625,0.04296875
284,0.00284,21,14,0.08203125,0.0546875
285,0.00285,24,16,0.09375,0.0625
286,0.00286,29,22,0.11328125,0.0859375
287,0.00287,33,25,0.12890625,0.09765625
288,0.00288,36,28,0.140625,0.109375
289,0.00289,41,33,0.16015625,0.12890625
290,0.0029,45,37,0.17578125,0.14453125
291,0.00291,50,41,0.1953125,0.16015625
292,0.00292,53,45,0.20703125,0.17578125
293,0.00293,58,49,0.2265625,0.19140625
294,0.00294,61,53,0.23828125,0.20703125
295,0.00295,65,57,0.25390625,0.22265625
296,0.00296,68,61,0.265625,0.23828125
297,0.00297,71,65,0.27734375,0.25390625
298,0.00298,71,64,0.27734375,0.25
299,0.00299,74,68,0.2890625,0.265625
300,0.003,76,71,0.296875,0.27734375
301,0.00301,77,73,0.30078125,0.28515625
302,0.00302,78,76,0.3046875,0.296875
303,0.00303,79,79,0.30859375,0.30859375
304,0.00304,76,74,0.296875,0.2890625
305,0.00305,80,83,0.3125,0.32421875
306,0.00306,73,72,0.28515625,0.28125
307,0.00307,74,76,0.2890625,0.296875
308,0.00308,71,73,0.27734375,0.28515625
309,0.00309,69,73,0.26953125,0.28515625
310,0.0031,65,70,0.25390625,0.2734375
311,0.00311,62,67,0.2421875,0.26171875
312,0.00312,59,65,0.23046875,0.25390625
313,0.00313,54,62,0.2109375,0.2421875
314,0.00314,51,60,0.19921875,0.234375
315,0.00315,46,55,0.1796875,0.21484375
316,0.00316,42,51,0.1640625,0.19921875
317,0.00317,37,47,0.14453125,0.18359375
318,0.00318,33,42,0.12890625,0.1640625
319,0.00319,28,38,0.109375,0.1484375
320,0.0032,24,33,0.09375,0.12890625
321,0.00321,20,29,0.078125,0.11328125
322,0.00322,16,26,0.0625,0.1015625
323,0.00323,10,18,0.0390625,0.0703125
324,0.00324,9,18,0.03515625,0.0703125
325,0.00325,6,14,0.0234375,0.0546875
326,0.00326,3,11,0.01171875,0.04296875
327,0.00327,0,6,0,0.0234375
328,0.00328,0,3,0,0.01171875
329,0.00329,0,3,0,0.01171875
330,0.0033,0,0,0,0
331,0.00331,0,0,0,0
332,0.00332,0,0,0,0
333,0.00333,0,0,0,0
334,0.00334,0,0,0,0
335,0.00335,0,0,0,0
336,0.00336,3,0,0.01171875,0
337,0.00337,5,0,0.01953125,0
338,0.00338,9,4,0.03515625,0.015625
339,0.00339,13,7,0.05078125,0.02734375
340,0.0034,16,10,0.0625,0.0390625
341,0.00341,21,13,0.08203125,0.05078125
342,0.00342,25,17,0.09765625,0.06640625
343,0.00343,29,21,0.11328125,0.08203125
344,0.00344,33,24,0.12890625,0.09375
345,0.00345,39,30,0.15234375,0.1171875
346,0.00346,44,34,0.171875,0.1328125
347,0.00347,48,38,0.1875,0.1484375
348,0.00348,53,43,0.20703125,0.16796875
349,0.00349,56,47,0.21875,0.18359375
350,0.0035,61,52,0.23828125,0.203125
351,0.00351,68,63,0.265625,0.24609375
352,0.00352,68,60,0.265625,0.234375
353,0.00353,70,62,0.2734375,0.2421875
354,0.00354,73,67,0.28515625,0.26171875
355,0.00355,74,68,0.2890625,0.265625
356,0.00356,76,72,0.296875,0.28125
357,0.00357,77,73,0.30078125,0.28515625
358,0.00358,78,75,0.3046875,0.29296875
359,0.00359,77,76,0.30078125,0.296875
360,0.0036,76,77,0.296875,0.30078125
361,0.00361,75,76,0.29296875,0.296875
362,0.00362,72,75,0.28125,0.29296875
363,0.00363,70,74,0.2734375,0.2890625
364,0.00364,67,72,0.26171875,0.28125
365,0.00365,64,70,0.25,0.2734375
366,0.00366,60,67,0.234375,0.26171875
367,0.00367,56,64,0.21875,0.25
368,0.00368,50,58,0.1953125,0.2265625
369,0.00369,47,57,0.18359375,0.22265625
370,0.0037,41,51,0.16015625,0.19921875
371,0.00371,36,47,0.140625,0.18359375
372,0.00372,32,42,0.125,0.1640625
373,0.00373,27,38,0.10546875,0.1484375
374,0.00374,22,33,0.0859375,0.12890625
375,0.00375,19,30,0.07421875,0.1171875
376,0.00376,13,24,0.05078125,0.09375
377,0.00377,9,18,0.03515625,0.0703125
378,0.00378,5,14,0.01953125,0.0546875
379,0.00379,5,14,0.01953125,0.0546875
380,0.0038,2,10,0.0078125,0.0390625
381,0.00381,0,5,0,0.01953125
382,0.00382,0,3,0,0.01171875
383,0.00383,0,6,0,0.0234375
384,0.00384,0,0,0,0
385,0.00385,0,0,0,0
386,0.00386,0,0,0,0
387,0.00387,0,0,0,0
388,0.00388,2,0,0.0078125,0
389,0.00389,5,1,0.01953125,0.00390625
390,0.0039,9,3,0.03515625,0.01171875
391,0.00391,12,5,0.046875,0.01953125
392,0.00392,17,10,0.06640625,0.0390625
393,0.00393,22,14,0.0859375,0.0546875
394,0.00394,27,18,0.10546875,0.0703125
395,0.00395,33,25,0.12890625,0.09765625
396,0.00396,37,27,0.14453125,0.10546875
397,0.00397,42,32,0.1640625,0.125
398,0.00398,47,37,0.18359375,0.14453125
399,0.00399,53,43,0.20703125,0.16796875
400,0.004,57,47,0.22265625,0.18359375
401,0.00401,61,51,0.23828125,0.19921875
402,0.00402,66,58,0.2578125,0.2265625
403,0.00403,69,60,0.26953125,0.234375
404,0.00404,74,67,0.2890625,0.26171875
405,0.00405,74,68,0.2890625,0.265625
406,0.00406,76,71,0.296875,0.27734375
407,0.00407,77,73,0.30078125,0.28515625
408,0.00408,78,75,0.3046875,0.29296875
409,0.00409,78,77,0.3046875,0.30078125
410,0.0041,76,76,0.296875,0.296875
411,0.00411,74,74,0.2890625,0.2890625
412,0.00412,72,75,0.28125,0.29296875
413,0.00413,69,73,0.26953125,0.28515625
414,0.00414,66,72,0.2578125,0.28125
415,0.00415,62,68,0.2421875,0.265625
416,0.00416,58,66,0.2265625,0.2578125
417,0.00417,53,62,0.20703125,0.2421875
418,0.00418,51,63,0.19921875,0.24609375
419,0.00419,42,53,0.1640625,0.20703125
420,0.0042,37,48,0.14453125,0.1875
421,0.00421,31,42,0.12109375,0.1640625
422,0.00422,29,42,0.11328125,0.1640625
423,0.00423,21,32,0.08203125,0.125
424,0.00424,17,28,0.06640625,0.109375
425,0.00425,12,23,0.046875,0.08984375
426,0.00426,7,17,0.02734375,0.06640625
427,0.00427,4,14,0.015625,0.0546875
428,0.00428,1,9,0.00390625,0.03515625
429,0.00429,0,7,0,0.02734375
430,0.0043,0,2,0,0.0078125
431,0.00431,0,2,0,0.0078125
432,0.00432,0,0,0,0
433,0.00433,0,0,0,0
434,0.00434,0,0,0,0
435,0.00435,1,0,0.00390625,0
436,0.00436,4,1,0.015625,0.00390625
437,0.00437,7,4,0.02734375,0.015625
438,0.00438,10,4,0.0390625,0.015625
439,0.00439,16,9,0.0625,0.03515625
440,0.0044,25,19,0.09765625,0.07421875
441,0.00441,26,17,0.1015625,0.06640625
442,0.00442,31,21,0.12109375,0.08203125
443,0.00443,37,26,0.14453125,0.1015625
444,0.00444,42,32,0.1640625,0.125
445,0.00445,46,34,0.1796875,0.1328125
446,0.00446,53,42,0.20703125,0.1640625
447,0.00447,59,49,0.23046875,0.19140625
448,0.00448,63,52,0.24609375,0.203125
449,0.00449,67,57,0.26171875,0.22265625
450,0.0045,69,59,0.26953125,0.23046875
451,0.00451,73,65,0.28515625,0.25390625
452,0.00452,74,67,0.2890625,0.26171875
453,0.00453,76,71,0.296875,0.27734375
454,0.00454,77,73,0.30078125,0.28515625
455,0.00455,80,81,0.3125,0.31640625
456,0.00456,77,77,0.30078125,0.30078125
457,0.00457,74,75,0.2890625,0.29296875
458,0.00458,71,74,0.27734375,0.2890625
459,0.00459,67,69,0.26171875,0.26953125
460,0.0046,65,72,0.25390625,0.28125
461,0.00461,60,67,0.234375,0.26171875
462,0.00462,55,64,0.21484375,0.25
463,0.00463,49,58,0.19140625,0.2265625
464,0.00464,44,55,0.171875,0.21484375
465,0.00465,38,49,0.1484375,0.19140625
466,0.00466,33,45,0.12890625,0.17578125
467,0.00467,26,38,0.1015625,0.1484375
468,0.00468,21,33,0.08203125,0.12890625
469,0.00469,16,27,0.0625,0.10546875
470,0.0047,10,20,0.0390625,0.078125
471,0.00471,8,20,0.03125,0.078125
472,0.00472,5,16,0.01953125,0.0625
473,0.00473,0,9,0,0.03515625
474,0.00474,0,6,0,0.0234375
475,0.00475,0,3,0,0.01171875
476,0.00476,0,1,0,0.00390625
477,0.00477,0,5,0,0.01953125
478,0.00478,0,0,0,0
479,0.00479,0,0,0,0
480,0.0048,4,1,0.015625,0.00390625
481,0.00481,9,5,0.03515625,0.01953125
482,0.00482,13,7,0.05078125,0.02734375
483,0.00483,18,11,0.0703125,0.04296875
484,0.00484,23,13,0.08984375,0.05078125
485,0.00485,29,18,0.11328125,0.0703125
486,0.00486,35,24,0.13671875,0.09375
487,0.00487,40,29,0.15625,0.11328125
488,0.00488,47,34,0.18359375,0.1328125
489,0.00489,52,40,0.203125,0.15625
490,0.0049,58,46,0.2265625,0.1796875
491,0.00491,63,51,0.24609375,0.19921875
492,0.00492,67,57,0.26171875,0.22265625
493,0.00493,71,61,0.27734375,0.23828125
494,0.00494,74,66,0.2890625,0.2578125
495,0.00495,76,69,0.296875,0.26953125
496,0.00496,83,82,0.32421875,0.3203125
497,0.00497,79,76,0.30859375,0.296875
498,0.00498,79,79,0.30859375,0.30859375
499,0.00499,75,76,0.29296875,0.296875
500,0.005,73,75,0.28515625,0.29296875
501,0.00501,69,73,0.26953125,0.28515625
502,0.00502,65,70,0.25390625,0.2734375
503,0.00503,61,68,0.23828125,0.265625
504,0.00504,58,69,0.2265625,0.26953125
505,0.00505,49,60,0.19140625,0.234375
506,0.00506,43,54,0.16796875,0.2109375
507,0.00507,35,47,0.13671875,0.18359375
508,0.00508,30,43,0.1171875,0.16796875
509,0.00509,22,33,0.0859375,0.12890625
510,0.0051,18,31,0.0703125,0.12109375
511,0.00511,13,26,0.05078125,0.1015625
512,0.00512,8,21,0.03125,0.08203125
513,0.00513,4,15,0.015625,0.05859375
514,0.00514,2,12,0.0078125,0.046875
515,0.00515,0,6,0,0.0234375
516,0.00516,0,4,0,0.015625
517,0.00517,0,0,0,0
518,0.00518,0,0,0,0
519,0.00519,0,0,0,0
520,0.0052,2,0,0.0078125,0
521,0.00521,5,2,0.01953125,0.0078125
522,0.00522,10,4,0.0390625,0.015625
523,0.00523,16,10,0.0625,0.0390625
524,0.00524,21,12,0.08203125,0.046875
525,0.00525,27,17,0.10546875,0.06640625
526,0.00526,32,21,0.125,0.08203125
527,0.00527,40,28,0.15625,0.109375
528,0.00528,47,35,0.18359375,0.13671875
529,0.00529,56,45,0.21875,0.17578125
530,0.0053,59,48,0.23046875,0.1875
531,0.00531,63,51,0.24609375,0.19921875
532,0.00532,68,57,0.265625,0.22265625
533,0.00533,72,61,0.28125,0.23828125
534,0.00534,75,66,0.29296875,0.2578125
535,0.00535,77,70,0.30078125,0.2734375
536,0.00536,78,73,0.3046875,0.28515625
537,0.00537,77,74,0.30078125,0.2890625
538,0.00538,76,76,0.296875,0.296875
539,0.00539,73,75,0.28515625,0.29296875
540,0.0054,68,70,0.265625,0.2734375
541,0.00541,66,71,0.2578125,0.27734375
542,0.00542,61,69,0.23828125,0.26953125
543,0.00543,55,65,0.21484375,0.25390625
544,0.00544,49,60,0.19140625,0.234375
545,0.00545,43,55,0.16796875,0.21484375
546,0.00546,35,49,0.13671875,0.19140625
547,0.00547,28,43,0.109375,0.16796875
548,0.00548,21,36,0.08203125,0.140625
549,0.00549,16,29,0.0625,0.11328125
550,0.0055,11,24,0.04296875,0.09375
551,0.00551,6,18,0.0234375,0.0703125
552,0.00552,2,13,0.0078125,0.05078125
553,0.00553,0,9,0,0.03515625
554,0.00554,0,6,0,0.0234375
555,0.00555,0,2,0,0.0078125
556,0.00556,0,1,0,0.00390625
557,0.00557,0,0,0,0
558,0.00558,4,4,0.015625,0.015625
559,0.00559,6,1,0.0234375,0.00390625
560,0.0056,10,3,0.0390625,0.01171875
561,0.00561,21,16,0.08203125,0.0625
562,0.00562,22,13,0.0859375,0.05078125
563,0.00563,29,17,0.11328125,0.06640625
564,0.00564,36,22,0.140625,0.0859375
565,0.00565,43,30,0.16796875,0.1171875
566,0.00566,50,36,0.1953125,0.140625
567,0.00567,57,44,0.22265625,0.171875
568,0.00568,64,53,0.25,0.20703125
569,0.00569,67,54,0.26171875,0.2109375
570,0.0057,71,60,0.27734375,0.234375
571,0.00571,75,65,0.29296875,0.25390625
572,0.00572,76,69,0.296875,0.26953125
573,0.00573,77,72,0.30078125,0.28125
574,0.00574,77,74,0.30078125,0.2890625
575,0.00575,77,78,0.30078125,0.3046875
576,0.00576,74,77,0.2890625,0.30078125
577,0.00577,67,70,0.26171875,0.2734375
578,0.00578,66,75,0.2578125,0.29296875
579,0.00579,59,68,0.23046875,0.265625
580,0.0058,51,62,0.19921875,0.2421875
581,0.00581,44,57,0.171875,0.22265625
582,0.00582,37,51,0.14453125,0.19921875
583,0.00583,30,44,0.1171875,0.171875
584,0.00584,20,33,0.078125,0.12890625
585,0.00585,17,32,0.06640625,0.125
586,0.00586,10,24,0.0390625,0.09375
587,0.00587,6,18,0.0234375,0.0703125
588,0.00588,2,14,0.0078125,0.0546875
589,0.00589,0,7,0,0.02734375
590,0.0059,0,8,0,0.03125
591,0.00591,0,2,0,0.0078125
592,0.00592,0,0,0,0
593,0.00593,0,1,0,0.00390625
594,0.00594,3,0,0.01171875,0
595,0.00595,9,3,0.03515625,0.01171875
596,0.00596,14,6,0.0546875,0.0234375
597,0.00597,21,11,0.08203125,0.04296875
598,0.00598,27,16,0.10546875,0.0625
599,0.00599,36,23,0.140625,0.08984375
600,0.006,42,28,0.1640625,0.109375
601,0.00601,50,36,0.1953125,0.140625
602,0.00602,56,42,0.21875,0.1640625
603,0.00603,63,49,0.24609375,0.19140625
604,0.00604,68,55,0.265625,0.21484375
605,0.00605,74,64,0.2890625,0.25
606,0.00606,75,66,0.29296875,0.2578125
607,0.00607,76,69,0.296875,0.26953125
608,0.00608,77,73,0.30078125,0.28515625
609,0.00609,76,73,0.296875,0.28515625
610,0.0061,74,75,0.2890625,0.29296875
611,0.00611,70,73,0.2734375,0.28515625
612,0.00612,66,72,0.2578125,0.28125
613,0.00613,59,68,0.23046875,0.265625
614,0.00614,52,63,0.203125,0.24609375
615,0.00615,45,59,0.17578125,0.23046875
616,0.00616,37,51,0.14453125,0.19921875
617,0.00617,29,43,0.11328125,0.16796875
618,0.00618,22,38,0.0859375,0.1484375
619,0.00619,16,32,0.0625,0.125
620,0.0062,9,23,0.03515625,0.08984375
621,0.00621,7,23,0.02734375,0.08984375
622,0.00622,0,12,0,0.046875
623,0.00623,0,8,0,0.03125
624,0.00624,0,4,0,0.015625
625,0.00625,0,2,0,0.0078125
626,0.00626,0,0,0,0
627,0.00627,3,2,0.01171875,0.0078125
628,0.00628,7,2,0.02734375,0.0078125
629,0.00629,11,4,0.04296875,0.015625
630,0.0063,19,10,0.07421875,0.0390625
631,0.00631,27,14,0.10546875,0.0546875
632,0.00632,37,25,0.14453125,0.09765625
633,0.00633,43,28,0.16796875,0.109375
634,0.00634,50,35,0.1953125,0.13671875
635,0.00635,57,42,0.22265625,0.1640625
636,0.00636,61,45,0.23828125,0.17578125
637,0.00637,68,54,0.265625,0.2109375
638,0.00638,73,61,0.28515625,0.23828125
639,0.00639,76,66,0.296875,0.2578125
640,0.0064,77,71,0.30078125,0.27734375
641,0.00641,77,73,0.30078125,0.28515625
642,0.00642,75,75,0.29296875,0.29296875
643,0.00643,71,73,0.27734375,0.28515625
644,0.00644,66,71,0.2578125,0.27734375
645,0.00645,61,69,0.23828125,0.26953125
646,0.00646,54,64,0.2109375,0.25
647,0.00647,46,59,0.1796875,0.23046875
648,0.00648,39,53,0.15234375,0.20703125
649,0.00649,33,50,0.12890625,0.1953125
650,0.0065,23,41,0.08984375,0.16015625
651,0.00651,15,31,0.05859375,0.12109375
652,0.00652,9,25,0.03515625,0.09765625
653,0.00653,4,18,0.015625,0.0703125
654,0.00654,0,11,0,0.04296875
655,0.00655,0,7,0,0.02734375
656,0.00656,0,1,0,0.00390625
657,0.00657,0,1,0,0.00390625
658,0.00658,0,0,0,0
659,0.00659,5,2,0.01953125,0.0078125
660,0.0066,10,4,0.0390625,0.015625
661,0.00661,16,7,0.0625,0.02734375
662,0.00662,24,13,0.09375,0.05078125
663,0.00663,33,20,0.12890625,0.078125
664,0.00664,41,26,0.16015625,0.1015625
665,0.00665,51,36,0.19921875,0.140625
666,0.00666,57,40,0.22265625,0.15625
667,0.00667,63,48,0.24609375,0.1875
668,0.00668,69,55,0.26953125,0.21484375
669,0.00669,73,61,0.28515625,0.23828125
670,0.0067,76,66,0.296875,0.2578125
671,0.00671,77,71,0.30078125,0.27734375
672,0.00672,77,73,0.30078125,0.28515625
673,0.00673,74,74,0.2890625,0.2890625
674,0.00674,71,75,0.27734375,0.29296875
675,0.00675,64,70,0.25,0.2734375
676,0.00676,57,67,0.22265625,0.26171875
677,0.00677,50,62,0.1953125,0.2421875
678,0.00678,41,56,0.16015625,0.21875
679,0.00679,33,49,0.12890625,0.19140625
680,0.0068,24,41,0.09375,0.16015625
681,0.00681,17,33,0.06640625,0.12890625
682,0.00682,10,26,0.0390625,0.1015625
683,0.00683,4,20,0.015625,0.078125
684,0.00684,0,13,0,0.05078125
685,0.00685,0,7,0,0.02734375
686,0.00686,0,5,0,0.01953125
687,0.00687,0,2,0,0.0078125
688,0.00688,1,1,0.00390625,0.00390625
689,0.00689,6,2,0.0234375,0.0078125
690,0.0069,12,5,0.046875,0.01953125
691,0.00691,19,8,0.07421875,0.03125
692,0.00692,28,16,0.109375,0.0625
693,0.00693,37,23,0.14453125,0.08984375
694,0.00694,45,29,0.17578125,0.11328125
695,0.00695,54,37,0.2109375,0.14453125
696,0.00696,60,43,0.234375,0.16796875
697,0.00697,68,54,0.265625,0.2109375
698,0.00698,72,58,0.28125,0.2265625
699,0.00699,76,65,0.296875,0.25390625
700,0.007,77,68,0.30078125,0.265625
701,0.00701,77,72,0.30078125,0.28125
702,0.00702,74,74,0.2890625,0.2890625
703,0.00703,70,73,0.2734375,0.28515625
704,0.00704,63,70,0.24609375,0.2734375
705,0.00705,55,64,0.21484375,0.25
706,0.00706,46,57,0.1796875,0.22265625
707,0.00707,39,54,0.15234375,0.2109375
708,0.00708,30,47,0.1171875,0.18359375
709,0.00709,20,38,0.078125,0.1484375
710,0.0071,15,34,0.05859375,0.1328125
711,0.00711,6,21,0.0234375,0.08203125
712,0.00712,1,16,0.00390625,0.0625
713,0.00713,0,10,0,0.0390625
714,0.00714,0,7,0,0.02734375
715,0.00715,0,2,0,0.0078125
716,0.00716,1,4,0.00390625,0.015625
717,0.00717,5,2,0.01953125,0.0078125
718,0.00718,11,5,0.04296875,0.01953125
719,0.00719,20,11,0.078125,0.04296875
720,0.0072,27,14,0.10546875,0.0546875
721,0.00721,37,22,0.14453125,0.0859375
722,0.00722,45,29,0.17578125,0.11328125
723,0.00723,54,37,0.2109375,0.14453125
724,0.00724,62,45,0.2421875,0.17578125
725,0.00725,69,54,0.26953125,0.2109375
726,0.00726,74,60,0.2890625,0.234375
727,0.00727,76,66,0.296875,0.2578125
728,0.00728,81,76,0.31640625,0.296875
729,0.00729,75,72,0.29296875,0.28125
730,0.0073,72,73,0.28125,0.28515625
731,0.00731,65,68,0.25390625,0.265625
732,0.00732,60,68,0.234375,0.265625
733,0.00733,50,61,0.1953125,0.23828125
734,0.00734,42,58,0.1640625,0.2265625
735,0.00735,33,50,0.12890625,0.1953125
736,0.00736,26,46,0.1015625,0.1796875
737,0.00737,16,34,0.0625,0.1328125
738,0.00738,8,26,0.03125,0.1015625
739,0.00739,2,18,0.0078125,0.0703125
740,0.0074,0,11,0,0.04296875
741,0.00741,0,10,0,0.0390625
742,0.00742,0,2,0,0.0078125
743,0.00743,1,3,0.00390625,0.01171875
744,0.00744,6,3,0.0234375,0.01171875
745,0.00745,12,5,0.046875,0.01953125
746,0.00746,20,8,0.078125,0.03125
747,0.00747,30,16,0.1171875,0.0625
748,0.00748,38,20,0.1484375,0.078125
749,0.00749,49,32,0.19140625,0.125
750,0.0075,58,40,0.2265625,0.15625
751,0.00751,66,48,0.2578125,0.1875
752,0.00752,71,56,0.27734375,0.21875
753,0.00753,75,62,0.29296875,0.2421875
754,0.00754,77,68,0.30078125,0.265625
755,0.00755,76,71,0.296875,0.27734375
756,0.00756,73,72,0.28515625,0.28125
757,0.00757,68,72,0.265625,0.28125
758,0.00758,61,70,0.23828125,0.2734375
759,0.00759,52,63,0.203125,0.24609375
760,0.0076,42,56,0.1640625,0.21875
761,0.00761,32,49,0.125,0.19140625
762,0.00762,24,43,0.09375,0.16796875
763,0.00763,14,33,0.0546875,0.12890625
764,0.00764,8,27,0.03125,0.10546875
765,0.00765,2,18,0.0078125,0.0703125
766,0.00766,0,11,0,0.04296875
767,0.00767,0,6,0,0.0234375
768,0.00768,0,3,0,0.01171875
769,0.00769,2,2,0.0078125,0.0078125
770,0.0077,8,4,0.03125,0.015625
771,0.00771,16,7,0.0625,0.02734375
772,0.00772,25,12,0.09765625,0.046875
773,0.00773,39,27,0.15234375,0.10546875
774,0.00774,46,29,0.1796875,0.11328125
775,0.00775,55,36,0.21484375,0.140625
776,0.00776,63,45,0.24609375,0.17578125
777,0.00777,70,53,0.2734375,0.20703125
778,0.00778,79,69,0.30859375,0.26953125
779,0.00779,78,68,0.3046875,0.265625
780,0.0078,76,70,0.296875,0.2734375
781,0.00781,75,74,0.29296875,0.2890625
782,0.00782,68,71,0.265625,0.27734375
783,0.00783,61,69,0.23828125,0.26953125
784,0.00784,52,64,0.203125,0.25
785,0.00785,42,58,0.1640625,0.2265625
786,0.00786,32,49,0.125,0.19140625
787,0.00787,23,44,0.08984375,0.171875
788,0.00788,13,33,0.05078125,0.12890625
789,0.00789,3,19,0.01171875,0.07421875
790,0.0079,0,17,0,0.06640625
791,0.00791,0,10,0,0.0390625
792,0.00792,0,4,0,0.015625
793,0.00793,0,4,0,0.015625
794,0.00794,6,5,0.0234375,0.01953125
795,0.00795,12,6,0.046875,0.0234375
796,0.00796,21,10,0.08203125,0.0390625
797,0.00797,31,16,0.12109375,0.0625
798,0.00798,42,25,0.1640625,0.09765625
799,0.00799,52,33,0.203125,0.12890625
800,0.008,61,41,0.23828125,0.16015625
801,0.00801,68,50,0.265625,0.1953125
802,0.00802,74,59,0.2890625,0.23046875
803,0.00803,79,68,0.30859375,0.265625
804,0.00804,76,69,0.296875,0.26953125
805,0.00805,73,70,0.28515625,0.2734375
806,0.00806,68,70,0.265625,0.2734375
807,0.00807,61,70,0.23828125,0.2734375
808,0.00808,53,68,0.20703125,0.265625
809,0.00809,40,56,0.15625,0.21875
810,0.0081,29,48,0.11328125,0.1875
811,0.00811,19,39,0.07421875,0.15234375
812,0.00812,10,30,0.0390625,0.1171875
813,0.00813,3,22,0.01171875,0.0859375
814,0.00814,0,14,0,0.0546875
815,0.00815,0,8,0,0.03125
816,0.00816,0,5,0,0.01953125
817,0.00817,1,2,0.00390625,0.0078125
818,0.00818,8,4,0.03125,0.015625
819,0.00819,18,8,0.0703125,0.03125
820,0.0082,28,13,0.109375,0.05078125
821,0.00821,39,22,0.15234375,0.0859375
822,0.00822,49,30,0.19140625,0.1171875
823,0.00823,60,40,0.234375,0.15625
824,0.00824,67,48,0.26171875,0.1875
825,0.00825,73,57,0.28515625,0.22265625
826,0.00826,76,63,0.296875,0.24609375
827,0.00827,77,69,0.30078125,0.26953125
828,0.00828,74,71,0.2890625,0.27734375
829,0.00829,68,71,0.265625,0.27734375
830,0.0083,60,70,0.234375,0.2734375
831,0.00831,48,60,0.1875,0.234375
832,0.00832,38,55,0.1484375,0.21484375
833,0.00833,28,48,0.109375,0.1875
834,0.00834,18,39,0.0703125,0.15234375
835,0.00835,9,29,0.03515625,0.11328125
836,0.00836,2,20,0.0078125,0.078125
837,0.00837,0,12,0,0.046875
838,0.00838,0,7,0,0.02734375
839,0.00839,0,4,0,0.015625
840,0.0084,6,4,0.0234375,0.015625
841,0.00841,12,4,0.046875,0.015625
842,0.00842,23,11,0.08984375,0.04296875
843,0.00843,36,21,0.140625,0.08203125
844,0.00844,46,27,0.1796875,0.10546875
845,0.00845,56,35,0.21875,0.13671875
846,0.00846,64,43,0.25,0.16796875
847,0.00847,73,55,0.28515625,0.21484375
848,0.00848,76,62,0.296875,0.2421875
849,0.00849,77,68,0.30078125,0.265625
850,0.0085,74,70,0.2890625,0.2734375
851,0.00851,68,71,0.265625,0.27734375
852,0.00852,57,64,0.22265625,0.25
853,0.00853,49,63,0.19140625,0.24609375
854,0.00854,39,57,0.15234375,0.22265625
855,0.00855,28,50,0.109375,0.1953125
856,0.00856,16,37,0.0625,0.14453125
857,0.00857,8,28,0.03125,0.109375
858,0.00858,0,16,0,0.0625
859,0.00859,0,11,0,0.04296875
860,0.0086,0,6,0,0.0234375
861,0.00861,2,5,0.0078125,0.01953125
862,0.00862,9,6,0.03515625,0.0234375
863,0.00863,15,3,0.05859375,0.01171875
864,0.00864,28,14,0.109375,0.0546875
865,0.00865,40,22,0.15625,0.0859375
866,0.00866,51,30,0.19921875,0.1171875
867,0.00867,62,42,0.2421875,0.1640625
868,0.00868,69,49,0.26953125,0.19140625
869,0.00869,76,59,0.296875,0.23046875
870,0.0087,77,65,0.30078125,0.25390625
871,0.00871,75,69,0.29296875,0.26953125
872,0.00872,70,71,0.2734375,0.27734375
873,0.00873,62,69,0.2421875,0.26953125
874,0.00874,54,68,0.2109375,0.265625
875,0.00875,40,57,0.15625,0.22265625
876,0.00876,28,49,0.109375,0.19140625
877,0.00877,16,38,0.0625,0.1484375
878,0.00878,7,28,0.02734375,0.109375
879,0.00879,1,20,0.00390625,0.078125
880,0.0088,0,11,0,0.04296875
881,0.00881,0,9,0,0.03515625
882,0.00882,2,5,0.0078125,0.01953125
883,0.00883,10,7,0.0390625,0.02734375
884,0.00884,20,9,0.078125,0.03515625
885,0.00885,31,16,0.12109375,0.0625
886,0.00886,43,22,0.16796875,0.0859375
887,0.00887,56,35,0.21875,0.13671875
888,0.00888,65,44,0.25390625,0.171875
889,0.00889,73,54,0.28515625,0.2109375
890,0.0089,77,62,0.30078125,0.2421875
891,0.00891,77,68,0.30078125,0.265625
892,0.00892,73,70,0.28515625,0.2734375
893,0.00893,65,69,0.25390625,0.26953125
894,0.00894,55,66,0.21484375,0.2578125
895,0.00895,43,60,0.16796875,0.234375
896,0.00896,29,47,0.11328125,0.18359375
897,0.00897,19,41,0.07421875,0.16015625
898,0.00898,9,31,0.03515625,0.12109375
899,0.00899,2,21,0.0078125,0.08203125
900,0.009,0,14,0,0.0546875
901,0.00901,0,8,0,0.03125
902,0.00902,2,5,0.0078125,0.01953125
903,0.00903,10,7,0.0390625,0.02734375
904,0.00904,20,9,0.078125,0.03515625
905,0.00905,32,15,0.125,0.05859375
906,0.00906,45,25,0.17578125,0.09765625
907,0.00907,56,35,0.21875,0.13671875
908,0.00908,67,45,0.26171875,0.17578125
909,0.00909,74,56,0.2890625,0.21875
910,0.0091,77,63,0.30078125,0.24609375
911,0.00911,75,66,0.29296875,0.2578125
912,0.00912,71,69,0.27734375,0.26953125
913,0.00913,61,66,0.23828125,0.2578125
914,0.00914,51,63,0.19921875,0.24609375
915,0.00915,38,56,0.1484375,0.21875
916,0.00916,25,46,0.09765625,0.1796875
917,0.00917,14,37,0.0546875,0.14453125
918,0.00918,4,26,0.015625,0.1015625
919,0.00919,0,12,0,0.046875
920,0.0092,0,10,0,0.0390625
921,0.00921,0,8,0,0.03125
922,0.00922,6,5,0.0234375,0.01953125
923,0.00923,16,8,0.0625,0.03125
924,0.00924,28,13,0.109375,0.05078125
925,0.00925,41,22,0.16015625,0.0859375
926,0.00926,53,30,0.20703125,0.1171875
927,0.00927,64,42,0.25,0.1640625
928,0.00928,73,53,0.28515625,0.20703125
929,0.00929,77,60,0.30078125,0.234375
930,0.0093,76,66,0.296875,0.2578125
931,0.00931,71,69,0.27734375,0.26953125
932,0.00932,64,72,0.25,0.28125
933,0.00933,50,63,0.1953125,0.24609375
934,0.00934,38,57,0.1484375,0.22265625
935,0.00935,24,46,0.09375,0.1796875
936,0.00936,13,36,0.05078125,0.140625
937,0.00937,3,26,0.01171875,0.1015625
938,0.00938,0,17,0,0.06640625
939,0.00939,0,7,0,0.02734375
940,0.0094,1,6,0.00390625,0.0234375
941,0.00941,9,6,0.03515625,0.0234375
942,0.00942,20,10,0.078125,0.0390625
943,0.00943,33,16,0.12890625,0.0625
944,0.00944,47,26,0.18359375,0.1015625
945,0.00945,59,36,0.23046875,0.140625
946,0.00946,69,47,0.26953125,0.18359375
947,0.00947,74,53,0.2890625,0.20703125
948,0.00948,78,65,0.3046875,0.25390625
949,0.00949,74,68,0.2890625,0.265625
950,0.0095,67,69,0.26171875,0.26953125
951,0.00951,55,65,0.21484375,0.25390625
952,0.00952,42,59,0.1640625,0.23046875
953,0.00953,29,51,0.11328125,0.19921875
954,0.00954,16,39,0.0625,0.15234375
955,0.00955,5,29,0.01953125,0.11328125
956,0.00956,0,20,0,0.078125
957,0.00957,0,11,0,0.04296875
958,0.00958,0,4,0,0.015625
959,0.00959,8,6,0.03125,0.0234375
960,0.0096,18,6,0.0703125,0.0234375
961,0.00961,33,16,0.12890625,0.0625
962,0.00962,47,27,0.18359375,0.10546875
963,0.00963,59,35,0.23046875,0.13671875
964,0.00964,67,43,0.26171875,0.16796875
965,0.00965,75,57,0.29296875,0.22265625
966,0.00966,76,64,0.296875,0.25
967,0.00967,74,71,0.2890625,0.27734375
968,0.00968,64,68,0.25,0.265625
969,0.00969,52,64,0.203125,0.25
970,0.0097,33,47,0.12890625,0.18359375
971,0.00971,24,46,0.09375,0.1796875
972,0.00972,13,37,0.05078125,0.14453125
973,0.00973,3,25,0.01171875,0.09765625
974,0.00974,0,16,0,0.0625
975,0.00975,0,7,0,0.02734375
976,0.00976,3,6,0.01171875,0.0234375
977,0.00977,14,9,0.0546875,0.03515625
978,0.00978,27,13,0.10546875,0.05078125
979,0.00979,40,21,0.15625,0.08203125
980,0.0098,55,32,0.21484375,0.125
981,0.00981,65,41,0.25390625,0.16015625
982,0.00982,74,53,0.2890625,0.20703125
983,0.00983,81,68,0.31640625,0.265625
984,0.00984,74,67,0.2890625,0.26171875
985,0.00985,67,68,0.26171875,0.265625
986,0.00986,55,64,0.21484375,0.25
987,0.00987,45,64,0.17578125,0.25
988,0.00988,28,51,0.109375,0.19921875
989,0.00989,13,38,0.05078125,0.1484375
990,0.0099,3,27,0.01171875,0.10546875
991,0.00991,0,15,0,0.05859375
992,0.00992,0,10,0,0.0390625
993,0.00993,4,8,0.015625,0.03125
994,0.00994,13,6,0.05078125,0.0234375
995,0.00995,26,12,0.1015625,0.046875
996,0.00996,41,21,0.16015625,0.08203125
997,0.00997,57,33,0.22265625,0.12890625
998,0.00998,64,38,0.25,0.1484375
999,0.00999,75,54,0.29296875,0.2109375
1000,0.01,76,62,0.296875,0.2421875
1001,0.01001,73,67,0.28515625,0.26171875
1002,0.01002,64,67,0.25,0.26171875
1003,0.01003,51,64,0.19921875,0.25
1004,0.01004,36,55,0.140625,0.21484375
1005,0.01005,22,46,0.0859375,0.1796875
1006,0.01006,11,38,0.04296875,0.1484375
1007,0.01007,0,20,0,0.078125
1008,0.01008,0,14,0,0.0546875
1009,0.01009,1,10,0.00390625,0.0390625
1010,0.0101,9,8,0.03515625,0.03125
1011,0.01011,21,13,0.08203125,0.05078125
1012,0.01012,36,18,0.140625,0.0703125
1013,0.01013,50,27,0.1953125,0.10546875
1014,0.01014,64,40,0.25,0.15625
1015,0.01015,73,50,0.28515625,0.1953125
1016,0.01016,77,61,0.30078125,0.23828125
1017,0.01017,74,65,0.2890625,0.25390625
1018,0.01018,67,67,0.26171875,0.26171875
1019,0.01019,55,65,0.21484375,0.25390625
1020,0.0102,38,55,0.1484375,0.21484375
1021,0.01021,24,48,0.09375,0.1875
1022,0.01022,11,37,0.04296875,0.14453125
1023,0.01023,2,26,0.0078125,0.1015625
1024,0.01024,0,15,0,0.05859375
1025,0.01025,0,10,0,0.0390625
1026,0.01026,7,6,0.02734375,0.0234375
1027,0.01027,21,10,0.08203125,0.0390625
1028,0.01028,36,18,0.140625,0.0703125
1029,0.01029,52,28,0.203125,0.109375
1030,0.0103,66,41,0.2578125,0.16015625
1031,0.01031,73,51,0.28515625,0.19921875
1032,0.01032,76,60,0.296875,0.234375
1033,0.01033,73,65,0.28515625,0.25390625
1034,0.01034,64,67,0.25,0.26171875
1035,0.01035,50,63,0.1953125,0.24609375
1036,0.01036,34,55,0.1328125,0.21484375
1037,0.01037,19,44,0.07421875,0.171875
1038,0.01038,7,33,0.02734375,0.12890625
1039,0.01039,0,23,0,0.08984375
1040,0.0104,0,13,0,0.05078125
1041,0.01041,3,8,0.01171875,0.03125
1042,0.01042,14,11,0.0546875,0.04296875
1043,0.01043,28,14,0.109375,0.0546875
1044,0.01044,44,23,0.171875,0.08984375
1045,0.01045,59,35,0.23046875,0.13671875
1046,0.01046,71,47,0.27734375,0.18359375
1047,0.01047,77,57,0.30078125,0.22265625
1048,0.01048,75,64,0.29296875,0.25
1049,0.01049,68,66,0.265625,0.2578125
1050,0.0105,55,65,0.21484375,0.25390625
1051,0.01051,39,58,0.15234375,0.2265625
1052,0.01052,23,48,0.08984375,0.1875
1053,0.01053,10,36,0.0390625,0.140625
1054,0.01054,0,23,0,0.08984375
1055,0.01055,0,15,0,0.05859375
1056,0.01056,2,9,0.0078125,0.03515625
1057,0.01057,12,8,0.046875,0.03125
1058,0.01058,26,12,0.1015625,0.046875
1059,0.01059,43,22,0.16796875,0.0859375
1060,0.0106,58,33,0.2265625,0.12890625
1061,0.01061,71,46,0.27734375,0.1796875
1062,0.01062,76,57,0.296875,0.22265625
1063,0.01063,75,63,0.29296875,0.24609375
1064,0.01064,66,64,0.2578125,0.25
1065,0.01065,54,64,0.2109375,0.25
1066,0.01066,37,55,0.14453125,0.21484375
1067,0.01067,21,45,0.08203125,0.17578125
1068,0.01068,7,34,0.02734375,0.1328125
1069,0.01069,0,22,0,0.0859375
1070,0.0107,0,13,0,0.05078125
1071,0.01071,3,8,0.01171875,0.03125
1072,0.01072,16,10,0.0625,0.0390625
1073,0.01073,32,15,0.125,0.05859375
1074,0.01074,48,24,0.1875,0.09375
1075,0.01075,64,38,0.25,0.1484375
1076,0.01076,75,52,0.29296875,0.203125
1077,0.01077,77,59,0.30078125,0.23046875
1078,0.01078,73,65,0.28515625,0.25390625
1079,0.01079,62,65,0.2421875,0.25390625
1080,0.0108,46,61,0.1796875,0.23828125
1081,0.01081,28,50,0.109375,0.1953125
1082,0.01082,13,40,0.05078125,0.15625
1083,0.01083,3,30,0.01171875,0.1171875
1084,0.01084,0,17,0,0.06640625
1085,0.01085,1,10,0.00390625,0.0390625
1086,0.01086,11,9,0.04296875,0.03515625
1087,0.01087,27,14,0.10546875,0.0546875
1088,0.01088,45,24,0.17578125,0.09375
1089,0.01089,59,33,0.23046875,0.12890625
1090,0.0109,70,44,0.2734375,0.171875
1091,0.01091,75,55,0.29296875,0.21484375
1092,0.01092,75,66,0.29296875,0.2578125
1093,0.01093,64,66,0.25,0.2578125
1094,0.01094,48,61,0.1875,0.23828125
1095,0.01095,31,53,0.12109375,0.20703125
1096,0.01096,16,43,0.0625,0.16796875
1097,0.01097,2,28,0.0078125,0.109375
1098,0.01098,0,18,0,0.0703125
1099,0.01099,0,10,0,0.0390625
1100,0.011,11,10,0.04296875,0.0390625
1101,0.01101,27,14,0.10546875,0.0546875
1102,0.01102,45,24,0.17578125,0.09375
1103,0.01103,61,34,0.23828125,0.1328125
1104,0.01104,72,47,0.28125,0.18359375
1105,0.01105,77,58,0.30078125,0.2265625
1106,0.01106,72,63,0.28125,0.24609375
1107,0.01107,61,66,0.23828125,0.2578125
1108,0.01108,45,60,0.17578125,0.234375
1109,0.01109,26,50,0.1015625,0.1953125
1110,0.0111,10,38,0.0390625,0.1484375
1111,0.01111,0,24,0,0.09375
1112,0.01112,0,16,0,0.0625
1113,0.01113,4,10,0.015625,0.0390625
1114,0.01114,17,10,0.06640625,0.0390625
1115,0.01115,35,17,0.13671875,0.06640625
1116,0.01116,52,27,0.203125,0.10546875
1117,0.01117,67,40,0.26171875,0.15625
1118,0.01118,76,52,0.296875,0.203125
1119,0.01119,75,61,0.29296875,0.23828125
1120,0.0112,68,65,0.265625,0.25390625
1121,0.01121,52,62,0.203125,0.2421875
1122,0.01122,34,55,0.1328125,0.21484375
1123,0.01123,16,42,0.0625,0.1640625
1124,0.01124,3,30,0.01171875,0.1171875
1125,0.01125,0,19,0,0.07421875
1126,0.01126,1,12,0.00390625,0.046875
1127,0.01127,12,11,0.046875,0.04296875
1128,0.01128,28,14,0.109375,0.0546875
1129,0.01129,47,24,0.18359375,0.09375
1130,0.0113,64,36,0.25,0.140625
1131,0.01131,75,51,0.29296875,0.19921875
1132,0.01132,76,59,0.296875,0.23046875
1133,0.01133,69,65,0.26953125,0.25390625
1134,0.01134,54,61,0.2109375,0.23828125
1135,0.01135,39,62,0.15234375,0.2421875
1136,0.01136,20,48,0.078125,0.1875
1137,0.01137,4,32,0.015625,0.125
1138,0.01138,0,21,0,0.08203125
1139,0.01139,1,14,0.00390625,0.0546875
1140,0.0114,12,11,0.046875,0.04296875
1141,0.01141,29,14,0.11328125,0.0546875
1142,0.01142,49,26,0.19140625,0.1015625
1143,0.01143,64,36,0.25,0.140625
1144,0.01144,73,48,0.28515625,0.1875
1145,0.01145,75,60,0.29296875,0.234375
1146,0.01146,67,63,0.26171875,0.24609375
1147,0.01147,53,64,0.20703125,0.25
1148,0.01148,33,55,0.12890625,0.21484375
1149,0.01149,13,40,0.05078125,0.15625
1150,0.0115,2,29,0.0078125,0.11328125
1151,0.01151,0,17,0,0.06640625
1152,0.01152,3,12,0.01171875,0.046875
1153,0.01153,17,12,0.06640625,0.046875
1154,0.01154,36,18,0.140625,0.0703125
1155,0.01155,55,30,0.21484375,0.1171875
1156,0.01156,69,42,0.26953125,0.1640625
1157,0.01157,76,53,0.296875,0.20703125
1158,0.01158,73,60,0.28515625,0.234375
1159,0.01159,61,64,0.23828125,0.25
1160,0.0116,43,59,0.16796875,0.23046875
1161,0.01161,25,51,0.09765625,0.19921875
1162,0.01162,7,36,0.02734375,0.140625
1163,0.01163,0,24,0,0.09375
1164,0.01164,0,14,0,0.0546875
1165,0.01165,10,11,0.0390625,0.04296875
1166,0.01166,27,14,0.10546875,0.0546875
1167,0.01167,47,23,0.18359375,0.08984375
1168,0.01168,65,37,0.25390625,0.14453125
1169,0.01169,74,49,0.2890625,0.19140625
1170,0.0117,75,59,0.29296875,0.23046875
1171,0.01171,66,64,0.2578125,0.25
1172,0.01172,48,61,0.1875,0.23828125
1173,0.01173,26,49,0.1015625,0.19140625
1174,0.01174,10,38,0.0390625,0.1484375
1175,0.01175,0,28,0,0.109375
1176,0.01176,0,15,0,0.05859375
1177,0.01177,8,12,0.03125,0.046875
1178,0.01178,25,13,0.09765625,0.05078125
1179,0.01179,45,22,0.17578125,0.0859375
1180,0.0118,64,36,0.25,0.140625
1181,0.01181,75,49,0.29296875,0.19140625
1182,0.01182,75,59,0.29296875,0.23046875
1183,0.01183,66,63,0.2578125,0.24609375
1184,0.01184,47,60,0.18359375,0.234375
1185,0.01185,28,52,0.109375,0.203125
1186,0.01186,10,39,0.0390625,0.15234375
1187,0.01187,0,26,0,0.1015625
1188,0.01188,0,17,0,0.06640625
1189,0.01189,10,13,0.0390625,0.05078125
1190,0.0119,28,15,0.109375,0.05859375
1191,0.01191,49,25,0.19140625,0.09765625
1192,0.01192,67,38,0.26171875,0.1484375
1193,0.01193,75,50,0.29296875,0.1953125
1194,0.01194,77,64,0.30078125,0.25
1195,0.01195,62,63,0.2421875,0.24609375
1196,0.01196,42,58,0.1640625,0.2265625
1197,0.01197,23,50,0.08984375,0.1953125
1198,0.01198,5,35,0.01953125,0.13671875
1199,0.01199,0,22,0,0.0859375
1200,0.012,2,15,0.0078125,0.05859375
1201,0.01201,14,10,0.0546875,0.0390625
1202,0.01202,36,18,0.140625,0.0703125
1203,0.01203,57,30,0.22265625,0.1171875
1204,0.01204,72,44,0.28125,0.171875
1205,0.01205,77,55,0.30078125,0.21484375
1206,0.01206,69,61,0.26953125,0.23828125
1207,0.01207,52,61,0.203125,0.23828125
1208,0.01208,32,55,0.125,0.21484375
1209,0.01209,13,43,0.05078125,0.16796875
1210,0.0121,0,29,0,0.11328125
1211,0.01211,0,15,0,0.05859375
1212,0.01212,16,25,0.0625,0.09765625
1213,0.01213,28,16,0.109375,0.0625
1214,0.01214,49,25,0.19140625,0.09765625
1215,0.01215,67,37,0.26171875,0.14453125
1216,0.01216,75,51,0.29296875,0.19921875
1217,0.01217,72,60,0.28125,0.234375
1218,0.01218,58,62,0.2265625,0.2421875
1219,0.01219,36,54,0.140625,0.2109375
1220,0.0122,16,44,0.0625,0.171875
1221,0.01221,2,31,0.0078125,0.12109375
1222,0.01222,0,19,0,0.07421875
1223,0.01223,7,14,0.02734375,0.0546875
1224,0.01224,25,15,0.09765625,0.05859375
1225,0.01225,47,24,0.18359375,0.09375
1226,0.01226,67,38,0.26171875,0.1484375
1227,0.01227,76,50,0.296875,0.1953125
1228,0.01228,74,60,0.2890625,0.234375
1229,0.01229,60,62,0.234375,0.2421875
1230,0.0123,38,56,0.1484375,0.21875
1231,0.01231,16,44,0.0625,0.171875
1232,0.01232,2,31,0.0078125,0.12109375
1233,0.01233,0,19,0,0.07421875
1234,0.01234,8,14,0.03125,0.0546875
1235,0.01235,26,16,0.1015625,0.0625
1236,0.01236,49,24,0.19140625,0.09375
1237,0.01237,68,38,0.265625,0.1484375
1238,0.01238,78,54,0.3046875,0.2109375
1239,0.01239,72,60,0.28125,0.234375
1240,0.0124,56,62,0.21875,0.2421875
1241,0.01241,34,56,0.1328125,0.21875
1242,0.01242,13,43,0.05078125,0.16796875
1243,0.01243,0,26,0,0.1015625
1244,0.01244,0,16,0,0.0625
1245,0.01245,11,12,0.04296875,0.046875
1246,0.01246,33,17,0.12890625,0.06640625
1247,0.01247,55,28,0.21484375,0.109375
1248,0.01248,71,42,0.27734375,0.1640625
1249,0.01249,76,54,0.296875,0.2109375
1250,0.0125,67,60,0.26171875,0.234375
1251,0.01251,48,59,0.1875,0.23046875
1252,0.01252,25,50,0.09765625,0.1953125
1253,0.01253,6,36,0.0234375,0.140625
1254,0.01254,0,23,0,0.08984375
1255,0.01255,4,15,0.015625,0.05859375
1256,0.01256,21,14,0.08203125,0.0546875
1257,0.01257,45,24,0.17578125,0.09375
1258,0.01258,65,34,0.25390625,0.1328125
1259,0.01259,76,49,0.296875,0.19140625
1260,0.0126,73,59,0.28515625,0.23046875
1261,0.01261,57,60,0.22265625,0.234375
1262,0.01262,34,54,0.1328125,0.2109375
1263,0.01263,11,41,0.04296875,0.16015625
1264,0.01264,0,29,0,0.11328125
1265,0.01265,0,16,0,0.0625
1266,0.01266,17,19,0.06640625,0.07421875
1267,0.01267,37,19,0.14453125,0.07421875
1268,0.01268,59,31,0.23046875,0.12109375
1269,0.01269,75,46,0.29296875,0.1796875
1270,0.0127,75,56,0.29296875,0.21875
1271,0.01271,62,61,0.2421875,0.23828125
1272,0.01272,40,57,0.15625,0.22265625
1273,0.01273,16,45,0.0625,0.17578125
1274,0.01274,0,30,0,0.1171875
1275,0.01275,0,20,0,0.078125
1276,0.01276,11,14,0.04296875,0.0546875
1277,0.01277,34,19,0.1328125,0.07421875
1278,0.01278,57,29,0.22265625,0.11328125
1279,0.01279,73,43,0.28515625,0.16796875
1280,0.0128,75,55,0.29296875,0.21484375
1281,0.01281,63,60,0.24609375,0.234375
1282,0.01282,41,57,0.16015625,0.22265625
1283,0.01283,17,46,0.06640625,0.1796875
1284,0.01284,0,27,0,0.10546875
1285,0.01285,0,19,0,0.07421875
1286,0.01286,13,16,0.05078125,0.0625
1287,0.01287,35,19,0.13671875,0.07421875
1288,0.01288,59,32,0.23046875,0.125
1289,0.01289,74,45,0.2890625,0.17578125
1290,0.0129,72,51,0.28125,0.19921875
1291,0.01291,62,64,0.2421875,0.25
1292,0.01292,37,55,0.14453125,0.21484375
1293,0.01293,13,43,0.05078125,0.16796875
1294,0.01294,0,29,0,0.11328125
1295,0.01295,0,17,0,0.06640625
1296,0.01296,16,14,0.0625,0.0546875
1297,0.01297,41,20,0.16015625,0.078125
1298,0.01298,64,35,0.25,0.13671875
1299,0.01299,77,49,0.30078125,0.19140625
1300,0.013,73,59,0.28515625,0.23046875
1301,0.01301,53,59,0.20703125,0.23046875
1302,0.01302,29,52,0.11328125,0.203125
1303,0.01303,7,39,0.02734375,0.15234375
1304,0.01304,0,23,0,0.08984375
1305,0.01305,5,17,0.01953125,0.06640625
1306,0.01306,25,16,0.09765625,0.0625
1307,0.01307,51,25,0.19921875,0.09765625
1308,0.01308,71,40,0.27734375,0.15625
1309,0.01309,76,52,0.296875,0.203125
1310,0.0131,65,60,0.25390625,0.234375
1311,0.01311,42,56,0.1640625,0.21875
1312,0.01312,17,46,0.06640625,0.1796875
1313,0.01313,1,31,0.00390625,0.12109375
1314,0.01314,0,18,0,0.0703125
1315,0.01315,15,15,0.05859375,0.05859375
1316,0.01316,42,24,0.1640625,0.09375
1317,0.01317,63,32,0.24609375,0.125
1318,0.01318,76,49,0.296875,0.19140625
1319,0.01319,71,57,0.27734375,0.22265625
1320,0.0132,51,57,0.19921875,0.22265625
1321,0.01321,26,51,0.1015625,0.19921875
1322,0.01322,5,37,0.01953125,0.14453125
1323,0.01323,0,23,0,0.08984375
1324,0.01324,9,16,0.03515625,0.0625
1325,0.01325,33,19,0.12890625,0.07421875
1326,0.01326,58,30,0.2265625,0.1171875
1327,0.01327,74,44,0.2890625,0.171875
1328,0.01328,75,58,0.29296875,0.2265625
1329,0.01329,56,59,0.21875,0.23046875
1330,0.0133,30,52,0.1171875,0.203125
1331,0.01331,7,38,0.02734375,0.1484375
1332,0.01332,0,25,0,0.09765625
1333,0.01333,7,17,0.02734375,0.06640625
1334,0.01334,29,18,0.11328125,0.0703125
1335,0.01335,56,28,0.21875,0.109375
1336,0.01336,73,42,0.28515625,0.1640625
1337,0.01337,75,55,0.29296875,0.21484375
1338,0.01338,59,60,0.23046875,0.234375
1339,0.01339,33,54,0.12890625,0.2109375
1340,0.0134,8,40,0.03125,0.15625
1341,0.01341,0,26,0,0.1015625
1342,0.01342,6,17,0.0234375,0.06640625
1343,0.01343,29,18,0.11328125,0.0703125
1344,0.01344,56,28,0.21875,0.109375
1345,0.01345,74,43,0.2890625,0.16796875
1346,0.01346,74,55,0.2890625,0.21484375
1347,0.01347,56,59,0.21875,0.23046875
1348,0.01348,30,52,0.1171875,0.203125
1349,0.01349,6,38,0.0234375,0.1484375
1350,0.0135,0,25,0,0.09765625
1351,0.01351,8,16,0.03125,0.0625
1352,0.01352,36,24,0.140625,0.09375
1353,0.01353,60,31,0.234375,0.12109375
1354,0.01354,75,45,0.29296875,0.17578125
1355,0.01355,70,54,0.2734375,0.2109375
1356,0.01356,48,53,0.1875,0.20703125
1357,0.01357,23,50,0.08984375,0.1953125
1358,0.01358,2,34,0.0078125,0.1328125
1359,0.01359,0,21,0,0.08203125
1360,0.0136,15,17,0.05859375,0.06640625
1361,0.01361,42,22,0.1640625,0.0859375
1362,0.01362,66,35,0.2578125,0.13671875
1363,0.01363,77,51,0.30078125,0.19921875
1364,0.01364,66,58,0.2578125,0.2265625
1365,0.01365,40,54,0.15625,0.2109375
1366,0.01366,14,44,0.0546875,0.171875
1367,0.01367,0,29,0,0.11328125
1368,0.01368,5,21,0.01953125,0.08203125
1369,0.01369,26,18,0.1015625,0.0703125
1370,0.0137,54,26,0.2109375,0.1015625
1371,0.01371,72,42,0.28125,0.1640625
1372,0.01372,74,54,0.2890625,0.2109375
1373,0.01373,55,59,0.21484375,0.23046875
1374,0.01374,26,49,0.1015625,0.19140625
1375,0.01375,3,36,0.01171875,0.140625
1376,0.01376,0,21,0,0.08203125
1377,0.01377,14,16,0.0546875,0.0625
1378,0.01378,42,22,0.1640625,0.0859375
1379,0.01379,67,35,0.26171875,0.13671875
1380,0.0138,76,50,0.296875,0.1953125
1381,0.01381,64,58,0.25,0.2265625
1382,0.01382,37,55,0.14453125,0.21484375
1383,0.01383,10,43,0.0390625,0.16796875
1384,0.01384,0,28,0,0.109375
1385,0.01385,7,18,0.02734375,0.0703125
1386,0.01386,34,20,0.1328125,0.078125
1387,0.01387,61,31,0.23828125,0.12109375
1388,0.01388,75,45,0.29296875,0.17578125
1389,0.01389,68,56,0.265625,0.21875
1390,0.0139,44,56,0.171875,0.21875
1391,0.01391,13,42,0.05078125,0.1640625
1392,0.01392,0,31,0,0.12109375
1393,0.01393,7,24,0.02734375,0.09375
1394,0.01394,28,18,0.109375,0.0703125
1395,0.01395,56,28,0.21875,0.109375
1396,0.01396,75,44,0.29296875,0.171875
1397,0.01397,71,56,0.27734375,0.21875
1398,0.01398,49,59,0.19140625,0.23046875
1399,0.01399,19,47,0.07421875,0.18359375
1400,0.014,0,32,0,0.125
1401,0.01401,3,21,0.01171875,0.08203125
1402,0.01402,26,18,0.1015625,0.0703125
1403,0.01403,56,28,0.21875,0.109375
1404,0.01404,74,42,0.2890625,0.1640625
1405,0.01405,71,55,0.27734375,0.21484375
1406,0.01406,47,56,0.18359375,0.21875
1407,0.01407,18,47,0.0703125,0.18359375
1408,0.01408,0,32,0,0.125
1409,0.01409,2,18,0.0078125,0.0703125
1410,0.0141,27,19,0.10546875,0.07421875
1411,0.01411,57,29,0.22265625,0.11328125
1412,0.01412,74,43,0.2890625,0.16796875
1413,0.01413,72,59,0.28125,0.23046875
1414,0.01414,45,55,0.17578125,0.21484375
1415,0.01415,15,45,0.05859375,0.17578125
1416,0.01416,0,30,0,0.1171875
1417,0.01417,4,17,0.015625,0.06640625
1418,0.01418,32,20,0.125,0.078125
1419,0.01419,61,31,0.23828125,0.12109375
1420,0.0142,76,46,0.296875,0.1796875
1421,0.01421,66,55,0.2578125,0.21484375
1422,0.01422,38,54,0.1484375,0.2109375
1423,0.01423,8,39,0.03125,0.15234375
1424,0.01424,0,27,0,0.10546875
1425,0.01425,11,18,0.04296875,0.0703125
1426,0.01426,41,22,0.16015625,0.0859375
1427,0.01427,68,36,0.265625,0.140625
1428,0.01428,75,49,0.29296875,0.19140625
1429,0.01429,58,55,0.2265625,0.21484375
1430,0.0143,27,50,0.10546875,0.1953125
1431,0.01431,4,37,0.015625,0.14453125
1432,0.01432,0,24,0,0.09375
1433,0.01433,21,18,0.08203125,0.0703125
1434,0.01434,53,28,0.20703125,0.109375
1435,0.01435,72,39,0.28125,0.15234375
1436,0.01436,71,53,0.27734375,0.20703125
1437,0.01437,46,55,0.1796875,0.21484375
1438,0.01438,15,46,0.05859375,0.1796875
1439,0.01439,0,32,0,0.125
1440,0.0144,8,20,0.03125,0.078125
1441,0.01441,37,22,0.14453125,0.0859375
1442,0.01442,64,30,0.25,0.1171875
1443,0.01443,76,49,0.296875,0.19140625
1444,0.01444,60,56,0.234375,0.21875
1445,0.01445,29,51,0.11328125,0.19921875
1446,0.01446,3,37,0.01171875,0.14453125
1447,0.01447,0,23,0,0.08984375
1448,0.01448,23,19,0.08984375,0.07421875
1449,0.01449,55,28,0.21484375,0.109375
1450,0.0145,75,43,0.29296875,0.16796875
1451,0.01451,69,55,0.26953125,0.21484375
1452,0.01452,41,55,0.16015625,0.21484375
1453,0.01453,11,44,0.04296875,0.171875
1454,0.01454,0,27,0,0.10546875
1455,0.01455,13,19,0.05078125,0.07421875
1456,0.01456,43,19,0.16796875,0.07421875
1457,0.01457,72,38,0.28125,0.1484375
1458,0.01458,75,56,0.29296875,0.21875
1459,0.01459,49,55,0.19140625,0.21484375
1460,0.0146,17,46,0.06640625,0.1796875
1461,0.01461,0,33,0,0.12890625
1462,0.01462,8,21,0.03125,0.08203125
1463,0.01463,38,22,0.1484375,0.0859375
1464,0.01464,64,29,0.25,0.11328125
1465,0.01465,75,50,0.29296875,0.1953125
1466,0.01466,53,52,0.20703125,0.203125
1467,0.01467,22,48,0.0859375,0.1875
1468,0.01468,0,33,0,0.12890625
1469,0.01469,5,21,0.01953125,0.08203125
1470,0.0147,34,21,0.1328125,0.08203125
1471,0.01471,65,33,0.25390625,0.12890625
1472,0.01472,76,48,0.296875,0.1875
1473,0.01473,58,55,0.2265625,0.21484375
1474,0.01474,24,49,0.09375,0.19140625
1475,0.01475,1,34,0.00390625,0.1328125
1476,0.01476,3,20,0.01171875,0.078125
1477,0.01477,32,21,0.125,0.08203125
1478,0.01478,64,32,0.25,0.125
1479,0.01479,76,47,0.296875,0.18359375
1480,0.0148,58,55,0.2265625,0.21484375
1481,0.01481,23,47,0.08984375,0.18359375
1482,0.01482,1,35,0.00390625,0.13671875
1483,0.01483,3,19,0.01171875,0.07421875
1484,0.01484,33,20,0.12890625,0.078125
1485,0.01485,66,34,0.2578125,0.1328125
1486,0.01486,75,47,0.29296875,0.18359375
1487,0.01487,55,54,0.21484375,0.2109375
1488,0.01488,21,49,0.08203125,0.19140625
1489,0.01489,0,32,0,0.125
1490,0.0149,7,21,0.02734375,0.08203125
1491,0.01491,38,22,0.1484375,0.0859375
1492,0.01492,68,34,0.265625,0.1328125
1493,0.01493,74,51,0.2890625,0.19921875
1494,0.01494,50,53,0.1953125,0.20703125
1495,0.01495,17,48,0.06640625,0.1875
1496,0.01496,0,30,0,0.1171875
1497,0.01497,13,22,0.05078125,0.0859375
1498,0.01498,47,25,0.18359375,0.09765625
1499,0.01499,74,40,0.2890625,0.15625
1500,0.015,70,52,0.2734375,0.203125
1501,0.01501,41,53,0.16015625,0.20703125
1502,0.01502,8,41,0.03125,0.16015625
1503,0.01503,0,27,0,0.10546875
1504,0.01504,21,19,0.08203125,0.07421875
1505,0.01505,56,28,0.21875,0.109375
1506,0.01506,74,41,0.2890625,0.16015625
1507,0.01507,62,53,0.2421875,0.20703125
1508,0.01508,28,50,0.109375,0.1953125
1509,0.01509,1,36,0.00390625,0.140625
1510,0.0151,4,22,0.015625,0.0859375
1511,0.01511,35,22,0.13671875,0.0859375
1512,0.01512,67,33,0.26171875,0.12890625
1513,0.01513,74,48,0.2890625,0.1875
1514,0.01514,49,54,0.19140625,0.2109375
1515,0.01515,14,45,0.0546875,0.17578125
1516,0.01516,0,31,0,0.12109375
1517,0.01517,16,21,0.0625,0.08203125
1518,0.01518,53,29,0.20703125,0.11328125
1519,0.01519,75,42,0.29296875,0.1640625
1520,0.0152,66,54,0.2578125,0.2109375
1521,0.01521,31,50,0.12109375,0.1953125
1522,0.01522,2,36,0.0078125,0.140625
1523,0.01523,3,22,0.01171875,0.0859375
1524,0.01524,32,17,0.125,0.06640625
1525,0.01525,68,35,0.265625,0.13671875
1526,0.01526,74,50,0.2890625,0.1953125
1527,0.01527,46,52,0.1796875,0.203125
1528,0.01528,11,43,0.04296875,0.16796875
1529,0.01529,0,27,0,0.10546875
1530,0.0153,20,21,0.078125,0.08203125
1531,0.01531,57,29,0.22265625,0.11328125
1532,0.01532,76,45,0.296875,0.17578125
1533,0.01533,59,53,0.23046875,0.20703125
1534,0.01534,23,49,0.08984375,0.19140625
1535,0.01535,0,33,0,0.12890625
1536,0.01536,10,22,0.0390625,0.0859375
1537,0.01537,46,25,0.1796875,0.09765625
1538,0.01538,74,39,0.2890625,0.15234375
1539,0.01539,68,53,0.265625,0.20703125
1540,0.0154,33,50,0.12890625,0.1953125
1541,0.01541,2,37,0.0078125,0.14453125
1542,0.01542,4,24,0.015625,0.09375
1543,0.01543,37,23,0.14453125,0.08984375
1544,0.01544,69,35,0.26953125,0.13671875
1545,0.01545,73,52,0.28515625,0.203125
1546,0.01546,43,55,0.16796875,0.21484375
1547,0.01547,5,38,0.01953125,0.1484375
1548,0.01548,0,25,0,0.09765625
1549,0.01549,30,22,0.1171875,0.0859375
1550,0.0155,65,32,0.25390625,0.125
1551,0.01551,75,49,0.29296875,0.19140625
1552,0.01552,47,54,0.18359375,0.2109375
1553,0.01553,10,42,0.0390625,0.1640625
1554,0.01554,0,28,0,0.109375
1555,0.01555,27,26,0.10546875,0.1015625
1556,0.01556,63,32,0.24609375,0.125
1557,0.01557,75,47,0.29296875,0.18359375
1558,0.01558,51,53,0.19921875,0.20703125
1559,0.01559,13,45,0.05078125,0.17578125
1560,0.0156,0,28,0,0.109375
1561,0.01561,21,19,0.08203125,0.07421875
1562,0.01562,60,28,0.234375,0.109375
1563,0.01563,73,42,0.28515625,0.1640625
1564,0.01564,51,52,0.19921875,0.203125
1565,0.01565,13,44,0.05078125,0.171875
1566,0.01566,0,28,0,0.109375
1567,0.01567,24,22,0.09375,0.0859375
1568,0.01568,62,32,0.2421875,0.125
1569,0.01569,74,45,0.2890625,0.17578125
1570,0.0157,49,53,0.19140625,0.20703125
1571,0.01571,12,45,0.046875,0.17578125
1572,0.01572,0,28,0,0.109375
1573,0.01573,26,21,0.1015625,0.08203125
1574,0.01574,65,33,0.25390625,0.12890625
1575,0.01575,73,47,0.28515625,0.18359375
1576,0.01576,44,53,0.171875,0.20703125
1577,0.01577,6,40,0.0234375,0.15625
1578,0.01578,2,28,0.0078125,0.109375
1579,0.01579,33,22,0.12890625,0.0859375
1580,0.0158,69,34,0.26953125,0.1328125
1581,0.01581,71,49,0.27734375,0.19140625
1582,0.01582,37,51,0.14453125,0.19921875
1583,0.01583,3,38,0.01171875,0.1484375
1584,0.01584,5,25,0.01953125,0.09765625
1585,0.01585,42,25,0.1640625,0.09765625
1586,0.01586,73,39,0.28515625,0.15234375
1587,0.01587,66,51,0.2578125,0.19921875
1588,0.01588,27,49,0.10546875,0.19140625
1589,0.01589,0,35,0,0.13671875
1590,0.0159,12,21,0.046875,0.08203125
1591,0.01591,54,30,0.2109375,0.1171875
1592,0.01592,76,44,0.296875,0.171875
1593,0.01593,56,53,0.21875,0.20703125
1594,0.01594,14,43,0.0546875,0.16796875
1595,0.01595,0,31,0,0.12109375
1596,0.01596,25,23,0.09765625,0.08984375
1597,0.01597,65,33,0.25390625,0.12890625
1598,0.01598,74,47,0.2890625,0.18359375
1599,0.01599,41,52,0.16015625,0.203125
1600,0.016,5,40,0.01953125,0.15625
1601,0.01601,8,32,0.03125,0.125
1602,0.01602,40,22,0.15625,0.0859375
1603,0.01603,72,36,0.28125,0.140625
1604,0.01604,64,50,0.25,0.1953125
1605,0.01605,23,47,0.08984375,0.18359375
1606,0.01606,0,34,0,0.1328125
1607,0.01607,19,24,0.07421875,0.09375
1608,0.01608,60,30,0.234375,0.1171875
1609,0.01609,75,45,0.29296875,0.17578125
1610,0.0161,47,53,0.18359375,0.20703125
1611,0.01611,7,41,0.02734375,0.16015625
1612,0.01612,6,33,0.0234375,0.12890625
1613,0.01613,38,24,0.1484375,0.09375
1614,0.01614,73,38,0.28515625,0.1484375
1615,0.01615,66,53,0.2578125,0.20703125
1616,0.01616,24,49,0.09375,0.19140625
1617,0.01617,0,32,0,0.125
1618,0.01618,19,23,0.07421875,0.08984375
1619,0.01619,62,32,0.2421875,0.125
1620,0.0162,76,50,0.296875,0.1953125
1621,0.01621,42,51,0.1640625,0.19921875
1622,0.01622,4,39,0.015625,0.15234375
1623,0.01623,8,28,0.03125,0.109375
1624,0.01624,46,28,0.1796875,0.109375
1625,0.01625,75,41,0.29296875,0.16015625
1626,0.01626,58,51,0.2265625,0.19921875
1627,0.01627,15,44,0.05859375,0.171875
1628,0.01628,0,30,0,0.1171875
1629,0.01629,32,27,0.125,0.10546875
1630,0.0163,70,36,0.2734375,0.140625
1631,0.01631,69,49,0.26953125,0.19140625
1632,0.01632,28,48,0.109375,0.1875
1633,0.01633,0,33,0,0.12890625
1634,0.01634,18,24,0.0703125,0.09375
1635,0.01635,60,30,0.234375,0.1171875
1636,0.01636,73,44,0.28515625,0.171875
1637,0.01637,41,52,0.16015625,0.203125
1638,0.01638,2,38,0.0078125,0.1484375
1639,0.01639,11,28,0.04296875,0.109375
1640,0.0164,50,26,0.1953125,0.1015625
1641,0.01641,78,47,0.3046875,0.18359375
1642,0.01642,49,49,0.19140625,0.19140625
1643,0.01643,9,44,0.03515625,0.171875
1644,0.01644,5,29,0.01953125,0.11328125
1645,0.01645,42,26,0.1640625,0.1015625
1646,0.01646,75,40,0.29296875,0.15625
1647,0.01647,58,51,0.2265625,0.19921875
1648,0.01648,13,43,0.05078125,0.16796875
1649,0.01649,0,27,0,0.10546875
1650,0.0165,36,25,0.140625,0.09765625
1651,0.01651,73,38,0.28515625,0.1484375
1652,0.01652,63,51,0.24609375,0.19921875
1653,0.01653,19,47,0.07421875,0.18359375
1654,0.01654,0,29,0,0.11328125
1655,0.01655,31,25,0.12109375,0.09765625
1656,0.01656,69,31,0.26953125,0.12109375
1657,0.01657,65,50,0.25390625,0.1953125
1658,0.01658,21,47,0.08203125,0.18359375
1659,0.01659,0,32,0,0.125
1660,0.0166,29,24,0.11328125,0.09375
1661,0.01661,70,36,0.2734375,0.140625
1662,0.01662,67,50,0.26171875,0.1953125
1663,0.01663,23,48,0.08984375,0.1875
1664,0.01664,0,28,0,0.109375
1665,0.01665,28,24,0.109375,0.09375
1666,0.01666,70,34,0.2734375,0.1328125
1667,0.01667,66,50,0.2578125,0.1953125
1668,0.01668,22,47,0.0859375,0.18359375
1669,0.01669,0,27,0,0.10546875
1670,0.0167,29,24,0.11328125,0.09375
1671,0.01671,72,37,0.28125,0.14453125
1672,0.01672,66,52,0.2578125,0.203125
1673,0.01673,19,45,0.07421875,0.17578125
1674,0.01674,0,31,0,0.12109375
1675,0.01675,34,25,0.1328125,0.09765625
1676,0.01676,74,38,0.2890625,0.1484375
1677,0.01677,61,50,0.23828125,0.1953125
1678,0.01678,14,44,0.0546875,0.171875
1679,0.01679,2,31,0.0078125,0.12109375
1680,0.0168,39,25,0.15234375,0.09765625
1681,0.01681,76,41,0.296875,0.16015625
1682,0.01682,54,49,0.2109375,0.19140625
1683,0.01683,8,41,0.03125,0.16015625
1684,0.01684,4,26,0.015625,0.1015625
1685,0.01685,48,27,0.1875,0.10546875
1686,0.01686,75,43,0.29296875,0.16796875
1687,0.01687,45,50,0.17578125,0.1953125
1688,0.01688,3,39,0.01171875,0.15234375
1689,0.01689,10,23,0.0390625,0.08984375
1690,0.0169,59,31,0.23046875,0.12109375
1691,0.01691,73,46,0.28515625,0.1796875
1692,0.01692,34,49,0.1328125,0.19140625
1693,0.01693,0,35,0,0.13671875
1694,0.01694,20,22,0.078125,0.0859375
1695,0.01695,68,34,0.265625,0.1328125
1696,0.01696,68,50,0.265625,0.1953125
1697,0.01697,20,46,0.078125,0.1796875
1698,0.01698,0,30,0,0.1171875
1699,0.01699,38,28,0.1484375,0.109375
1700,0.017,75,39,0.29296875,0.15234375
1701,0.01701,55,50,0.21484375,0.1953125
1702,0.01702,7,41,0.02734375,0.16015625
1703,0.01703,6,27,0.0234375,0.10546875
1704,0.01704,54,30,0.2109375,0.1171875
1705,0.01705,76,46,0.296875,0.1796875
1706,0.01706,38,50,0.1484375,0.1953125
1707,0.01707,0,36,0,0.140625
1708,0.01708,21,25,0.08203125,0.09765625
1709,0.01709,70,35,0.2734375,0.13671875
1710,0.0171,66,50,0.2578125,0.1953125
1711,0.01711,17,44,0.06640625,0.171875
1712,0.01712,0,29,0,0.11328125
1713,0.01713,41,24,0.16015625,0.09375
1714,0.01714,76,42,0.296875,0.1640625
1715,0.01715,47,49,0.18359375,0.19140625
1716,0.01716,3,38,0.01171875,0.1484375
1717,0.01717,14,25,0.0546875,0.09765625
1718,0.01718,64,32,0.25,0.125
1719,0.01719,70,46,0.2734375,0.1796875
1720,0.0172,24,49,0.09375,0.19140625
1721,0.01721,0,31,0,0.12109375
1722,0.01722,39,27,0.15234375,0.10546875
1723,0.01723,76,41,0.296875,0.16015625
1724,0.01724,48,48,0.1875,0.1875
1725,0.01725,4,41,0.015625,0.16015625
1726,0.01726,13,25,0.05078125,0.09765625
1727,0.01727,64,32,0.25,0.125
1728,0.01728,69,48,0.26953125,0.1875
1729,0.01729,24,51,0.09375,0.19921875
1730,0.0173,0,30,0,0.1171875
1731,0.01731,42,27,0.1640625,0.10546875
1732,0.01732,76,42,0.296875,0.1640625
1733,0.01733,43,49,0.16796875,0.19140625
1734,0.01734,1,38,0.00390625,0.1484375
1735,0.01735,20,25,0.078125,0.09765625
1736,0.01736,69,35,0.26953125,0.13671875
1737,0.01737,63,49,0.24609375,0.19140625
1738,0.01738,12,43,0.046875,0.16796875
1739,0.01739,4,27,0.015625,0.10546875
1740,0.0174,54,30,0.2109375,0.1171875
1741,0.01741,74,46,0.2890625,0.1796875
1742,0.01742,29,47,0.11328125,0.18359375
1743,0.01743,0,32,0,0.125
1744,0.01744,39,33,0.15234375,0.12890625
1745,0.01745,75,40,0.29296875,0.15625
1746,0.01746,47,49,0.18359375,0.19140625
1747,0.01747,3,41,0.01171875,0.16015625
1748,0.01748,19,26,0.07421875,0.1015625
1749,0.01749,69,35,0.26953125,0.13671875
1750,0.0175,64,51,0.25,0.19921875
1751,0.01751,10,42,0.0390625,0.1640625
1752,0.01752,7,28,0.02734375,0.109375
1753,0.01753,58,30,0.2265625,0.1171875
1754,0.01754,71,46,0.27734375,0.1796875
1755,0.01755,23,47,0.08984375,0.18359375
1756,0.01756,0,30,0,0.1171875
1757,0.01757,45,28,0.17578125,0.109375
1758,0.01758,76,43,0.296875,0.16796875
1759,0.01759,32,43,0.125,0.16796875
1760,0.0176,0,34,0,0.1328125
1761,0.01761,33,26,0.12890625,0.1015625
1762,0.01762,75,39,0.29296875,0.15234375
1763,0.01763,45,48,0.17578125,0.1875
1764,0.01764,0,37,0,0.14453125
1765,0.01765,23,26,0.08984375,0.1015625
1766,0.01766,72,37,0.28125,0.14453125
1767,0.01767,55,49,0.21484375,0.19140625
1768,0.01768,4,39,0.015625,0.15234375
1769,0.01769,16,27,0.0625,0.10546875
1770,0.0177,68,34,0.265625,0.1328125
1771,0.01771,56,40,0.21875,0.15625
1772,0.01772,9,42,0.03515625,0.1640625
1773,0.01773,10,27,0.0390625,0.10546875
1774,0.01774,64,33,0.25,0.12890625
1775,0.01775,66,48,0.2578125,0.1875
1776,0.01776,13,43,0.05078125,0.16796875
1777,0.01777,7,28,0.02734375,0.109375
1778,0.01778,60,31,0.234375,0.12109375
1779,0.01779,69,47,0.26953125,0.18359375
1780,0.0178,16,44,0.0625,0.171875
1781,0.01781,4,29,0.015625,0.11328125
1782,0.01782,57,31,0.22265625,0.12109375
1783,0.01783,70,44,0.2734375,0.171875
1784,0.01784,17,43,0.06640625,0.16796875
1785,0.01785,3,28,0.01171875,0.109375
1786,0.01786,56,31,0.21875,0.12109375
1787,0.01787,71,46,0.27734375,0.1796875
1788,0.01788,19,45,0.07421875,0.17578125
1789,0.01789,4,30,0.015625,0.1171875
1790,0.0179,56,30,0.21875,0.1171875
1791,0.01791,72,49,0.28125,0.19140625
1792,0.01792,17,44,0.06640625,0.171875
1793,0.01793,4,29,0.015625,0.11328125
1794,0.01794,58,30,0.2265625,0.1171875
1795,0.01795,70,48,0.2734375,0.1875
1796,0.01796,11,37,0.04296875,0.14453125
1797,0.01797,6,28,0.0234375,0.109375
1798,0.01798,61,32,0.23828125,0.125
1799,0.01799,67,49,0.26171875,0.19140625
1800,0.018,11,43,0.04296875,0.16796875
1801,0.01801,10,28,0.0390625,0.109375
1802,0.01802,65,33,0.25390625,0.12890625
1803,0.01803,62,47,0.2421875,0.18359375
1804,0.01804,6,40,0.0234375,0.15625
1805,0.01805,15,27,0.05859375,0.10546875
1806,0.01806,71,38,0.27734375,0.1484375
1807,0.01807,56,48,0.21875,0.1875
1808,0.01808,2,38,0.0078125,0.1484375
1809,0.01809,23,27,0.08984375,0.10546875
1810,0.0181,73,37,0.28515625,0.14453125
1811,0.01811,46,48,0.1796875,0.1875
1812,0.01812,0,35,0,0.13671875
1813,0.01813,33,26,0.12890625,0.1015625
1814,0.01814,74,38,0.2890625,0.1484375
1815,0.01815,32,42,0.125,0.1640625
1816,0.01816,0,32,0,0.125
1817,0.01817,46,29,0.1796875,0.11328125
1818,0.01818,77,48,0.30078125,0.1875
1819,0.01819,23,47,0.08984375,0.18359375
1820,0.0182,2,29,0.0078125,0.11328125
1821,0.01821,58,30,0.2265625,0.1171875
1822,0.01822,67,46,0.26171875,0.1796875
1823,0.01823,10,42,0.0390625,0.1640625
1824,0.01824,12,26,0.046875,0.1015625
1825,0.01825,70,35,0.2734375,0.13671875
1826,0.01826,54,47,0.2109375,0.18359375
1827,0.01827,1,37,0.00390625,0.14453125
1828,0.01828,29,28,0.11328125,0.109375
1829,0.01829,73,35,0.28515625,0.13671875
1830,0.0183,36,47,0.140625,0.18359375
1831,0.01831,0,33,0,0.12890625
1832,0.01832,49,30,0.19140625,0.1171875
1833,0.01833,72,44,0.28125,0.171875
1834,0.01834,17,44,0.06640625,0.171875
1835,0.01835,7,27,0.02734375,0.10546875
1836,0.01836,66,34,0.2578125,0.1328125
1837,0.01837,58,47,0.2265625,0.18359375
1838,0.01838,2,39,0.0078125,0.15234375
1839,0.01839,25,25,0.09765625,0.09765625
1840,0.0184,75,39,0.29296875,0.15234375
1841,0.01841,36,47,0.140625,0.18359375
1842,0.01842,0,31,0,0.12109375
1843,0.01843,52,32,0.203125,0.125
1844,0.01844,71,46,0.27734375,0.1796875
1845,0.01845,12,42,0.046875,0.1640625
1846,0.01846,12,29,0.046875,0.11328125
1847,0.01847,70,35,0.2734375,0.13671875
1848,0.01848,50,47,0.1953125,0.18359375
1849,0.01849,0,36,0,0.140625
1850,0.0185,38,28,0.1484375,0.109375
1851,0.01851,75,42,0.29296875,0.1640625
1852,0.01852,22,45,0.0859375,0.17578125
1853,0.01853,4,27,0.015625,0.10546875
1854,0.01854,65,33,0.25390625,0.12890625
1855,0.01855,58,46,0.2265625,0.1796875
1856,0.01856,1,38,0.00390625,0.1484375
1857,0.01857,31,28,0.12109375,0.109375
1858,0.01858,74,39,0.2890625,0.15234375
1859,0.01859,27,46,0.10546875,0.1796875
1860,0.0186,3,30,0.01171875,0.1171875
1861,0.01861,63,34,0.24609375,0.1328125
1862,0.01862,59,46,0.23046875,0.1796875
1863,0.01863,0,34,0,0.1328125
1864,0.01864,31,28,0.12109375,0.109375
1865,0.01865,75,41,0.29296875,0.16015625
1866,0.01866,24,43,0.09375,0.16796875
1867,0.01867,4,30,0.015625,0.1171875
1868,0.01868,62,29,0.2421875,0.11328125
1869,0.01869,57,47,0.22265625,0.18359375
1870,0.0187,0,37,0,0.14453125
1871,0.01871,36,29,0.140625,0.11328125
1872,0.01872,74,42,0.2890625,0.1640625
1873,0.01873,19,45,0.07421875,0.17578125
1874,0.01874,9,29,0.03515625,0.11328125
1875,0.01875,70,36,0.2734375,0.140625
1876,0.01876,47,47,0.18359375,0.18359375
1877,0.01877,0,34,0,0.1328125
1878,0.01878,47,29,0.18359375,0.11328125
1879,0.01879,70,45,0.2734375,0.17578125
1880,0.0188,9,41,0.03515625,0.16015625
1881,0.01881,20,28,0.078125,0.109375
1882,0.01882,77,41,0.30078125,0.16015625
1883,0.01883,32,46,0.125,0.1796875
1884,0.01884,2,31,0.0078125,0.12109375
1885,0.01885,63,33,0.24609375,0.12890625
1886,0.01886,57,47,0.22265625,0.18359375
1887,0.01887,0,36,0,0.140625
1888,0.01888,48,43,0.1875,0.16796875
1889,0.01889,73,44,0.28515625,0.171875
1890,0.0189,12,42,0.046875,0.1640625
1891,0.01891,17,28,0.06640625,0.109375
1892,0.01892,75,39,0.29296875,0.15234375
1893,0.01893,33,46,0.12890625,0.1796875
1894,0.01894,2,31,0.0078125,0.12109375
1895,0.01895,62,30,0.2421875,0.1171875
1896,0.01896,52,44,0.203125,0.171875
1897,0.01897,1,39,0.00390625,0.15234375
1898,0.01898,46,29,0.1796875,0.11328125
1899,0.01899,69,44,0.26953125,0.171875
1900,0.019,4,37,0.015625,0.14453125
1901,0.01901,27,29,0.10546875,0.11328125
1902,0.01902,76,41,0.296875,0.16015625
1903,0.01903,21,45,0.08203125,0.17578125
1904,0.01904,10,30,0.0390625,0.1171875
1905,0.01905,72,36,0.28125,0.140625
1906,0.01906,37,46,0.14453125,0.1796875
1907,0.01907,1,32,0.00390625,0.125
1908,0.01908,62,32,0.2421875,0.125
1909,0.01909,53,46,0.20703125,0.1796875
1910,0.0191,0,35,0,0.13671875
1911,0.01911,49,30,0.19140625,0.1171875
1912,0.01912,65,44,0.25390625,0.171875
1913,0.01913,0,29,0,0.11328125
1914,0.01914,35,28,0.13671875,0.109375
1915,0.01915,73,43,0.28515625,0.16796875
1916,0.01916,10,41,0.0390625,0.16015625
1917,0.01917,23,29,0.08984375,0.11328125
1918,0.01918,76,41,0.296875,0.16015625
1919,0.01919,21,44,0.08203125,0.171875
1920,0.0192,13,30,0.05078125,0.1171875
1921,0.01921,75,38,0.29296875,0.1484375
1922,0.01922,31,45,0.12109375,0.17578125
1923,0.01923,6,32,0.0234375,0.125
1924,0.01924,71,37,0.27734375,0.14453125
1925,0.01925,42,47,0.1640625,0.18359375
1926,0.01926,0,32,0,0.125
1927,0.01927,64,34,0.25,0.1328125
1928,0.01928,50,47,0.1953125,0.18359375
1929,0.01929,0,32,0,0.125
1930,0.0193,58,32,0.2265625,0.125
1931,0.01931,54,42,0.2109375,0.1640625
1932,0.01932,0,35,0,0.13671875
1933,0.01933,52,31,0.203125,0.12109375
1934,0.01934,62,46,0.2421875,0.1796875
1935,0.01935,0,36,0,0.140625
1936,0.01936,47,30,0.18359375,0.1171875
1937,0.01937,66,45,0.2578125,0.17578125
1938,0.01938,1,38,0.00390625,0.1484375
1939,0.01939,43,30,0.16796875,0.1171875
1940,0.0194,67,44,0.26171875,0.171875
1941,0.01941,2,38,0.0078125,0.1484375
1942,0.01942,40,30,0.15625,0.1171875
1943,0.01943,69,44,0.26953125,0.171875
1944,0.01944,3,39,0.01171875,0.15234375
1945,0.01945,39,30,0.15234375,0.1171875
1946,0.01946,70,44,0.2734375,0.171875
1947,0.01947,3,39,0.01171875,0.15234375
1948,0.01948,39,29,0.15234375,0.11328125
1949,0.01949,69,43,0.26953125,0.16796875
1950,0.0195,2,38,0.0078125,0.1484375
1951,0.01951,40,30,0.15625,0.1171875
1952,0.01952,69,44,0.26953125,0.171875
1953,0.01953,1,38,0.00390625,0.1484375
1954,0.01954,41,27,0.16015625,0.10546875
1955,0.01955,67,44,0.26171875,0.171875
1956,0.01956,1,39,0.00390625,0.15234375
1957,0.01957,46,30,0.1796875,0.1171875
1958,0.01958,64,46,0.25,0.1796875
1959,0.01959,0,36,0,0.140625
1960,0.0196,51,30,0.19921875,0.1171875
1961,0.01961,60,45,0.234375,0.17578125
1962,0.01962,0,35,0,0.13671875
1963,0.01963,56,32,0.21875,0.125
1964,0.01964,54,44,0.2109375,0.171875
1965,0.01965,0,33,0,0.12890625
1966,0.01966,61,31,0.23828125,0.12109375
1967,0.01967,46,45,0.1796875,0.17578125
1968,0.01968,1,33,0.00390625,0.12890625
1969,0.01969,70,36,0.2734375,0.140625
1970,0.0197,38,46,0.1484375,0.1796875
1971,0.01971,5,30,0.01953125,0.1171875
1972,0.01972,74,37,0.2890625,0.14453125
1973,0.01973,26,44,0.1015625,0.171875
1974,0.01974,13,28,0.05078125,0.109375
1975,0.01975,75,40,0.29296875,0.15625
1976,0.01976,14,42,0.0546875,0.1640625
1977,0.01977,25,28,0.09765625,0.109375
1978,0.01978,74,42,0.2890625,0.1640625
1979,0.01979,6,41,0.0234375,0.16015625
1980,0.0198,39,30,0.15234375,0.1171875
1981,0.01981,67,44,0.26171875,0.171875
1982,0.01982,1,39,0.00390625,0.15234375
1983,0.01983,54,32,0.2109375,0.125
1984,0.01984,52,43,0.203125,0.16796875
1985,0.01985,0,34,0,0.1328125
1986,0.01986,67,34,0.26171875,0.1328125
1987,0.01987,38,46,0.1484375,0.1796875
1988,0.01988,7,31,0.02734375,0.12109375
1989,0.01989,75,38,0.29296875,0.1484375
1990,0.0199,18,41,0.0703125,0.16015625
1991,0.01991,22,29,0.0859375,0.11328125
1992,0.01992,74,43,0.2890625,0.16796875
1993,0.01993,4,40,0.015625,0.15625
1994,0.01994,43,30,0.16796875,0.1171875
1995,0.01995,62,45,0.2421875,0.17578125
1996,0.01996,0,36,0,0.140625
1997,0.01997,62,34,0.2421875,0.1328125
1998,0.01998,42,45,0.1640625,0.17578125
1999,0.01999,6,33,0.0234375,0.12890625
2000,0.02,74,38,0.2890625,0.1484375
2001,0.02001,19,43,0.07421875,0.16796875
2002,0.02002,25,30,0.09765625,0.1171875
2003,0.02003,72,42,0.28125,0.1640625
2004,0.02004,2,38,0.0078125,0.1484375
2005,0.02005,49,29,0.19140625,0.11328125
2006,0.02006,55,46,0.21484375,0.1796875
2007,0.02007,0,32,0,0.125
2008,0.02008,71,36,0.27734375,0.140625
2009,0.02009,27,44,0.10546875,0.171875
2010,0.0201,16,28,0.0625,0.109375
2011,0.02011,75,41,0.29296875,0.16015625
2012,0.02012,4,39,0.015625,0.15234375
2013,0.02013,46,31,0.1796875,0.12109375
2014,0.02014,55,41,0.21484375,0.16015625
2015,0.02015,0,34,0,0.1328125
2016,0.02016,71,36,0.27734375,0.140625
2017,0.02017,26,44,0.1015625,0.171875
2018,0.02018,18,29,0.0703125,0.11328125
2019,0.02019,74,42,0.2890625,0.1640625
2020,0.0202,2,38,0.0078125,0.1484375
2021,0.02021,51,30,0.19921875,0.1171875
2022,0.02022,53,49,0.20703125,0.19140625
2023,0.02023,4,34,0.015625,0.1328125
2024,0.02024,75,38,0.29296875,0.1484375
2025,0.02025,16,42,0.0625,0.1640625
2026,0.02026,31,29,0.12109375,0.11328125
2027,0.02027,67,43,0.26171875,0.16796875
2028,0.02028,0,28,0,0.109375
2029,0.02029,66,35,0.2578125,0.13671875
2030,0.0203,32,44,0.125,0.171875
2031,0.02031,16,30,0.0625,0.1171875
2032,0.02032,74,41,0.2890625,0.16015625
2033,0.02033,2,39,0.0078125,0.15234375
2034,0.02034,53,30,0.20703125,0.1171875
2035,0.02035,46,45,0.1796875,0.17578125
2036,0.02036,7,32,0.02734375,0.125
2037,0.02037,76,40,0.296875,0.15625
2038,0.02038,5,36,0.01953125,0.140625
2039,0.02039,44,29,0.171875,0.11328125
2040,0.0204,53,44,0.20703125,0.171875
2041,0.02041,3,34,0.01171875,0.1328125
2042,0.02042,76,40,0.296875,0.15625
2043,0.02043,12,41,0.046875,0.16015625
2044,0.02044,40,31,0.15625,0.12109375
2045,0.02045,59,45,0.23046875,0.17578125
2046,0.02046,1,34,0.00390625,0.1328125
2047,0.02047,74,37,0.2890625,0.14453125
