k,freq_hz,mag_db
21,1025.39062,34.9917145
22,1074.21875,44.877037
23,1123.04688,27.9817238
24,1171.875,36.1400452
25,1220.70312,34.1292572
26,1269.53125,38.8269501
27,1318.35938,37.291748
28,1367.1875,29.9740124
29,1416.01562,34.6107407
30,1464.84375,48.4738159
31,1513.67188,30.5614243
32,1562.5,43.235405
33,1611.32812,33.1643639
34,1660.15625,29.2439632
35,1708.98438,31.282135
36,1757.8125,33.6440849
37,1806.64062,33.4407768
38,1855.46875,30.9490242
39,1904.29688,32.8906403
40,1953.125,35.4971428
41,2001.95312,46.7391434
42,2050.78125,26.6426048
43,2099.60938,27.4190674
44,2148.4375,35.280735
45,2197.26562,42.1362381
46,2246.09375,34.8692055
47,2294.92188,30.449316
48,2343.75,37.969902
49,2392.57812,35.2727547
50,2441.40625,30.9126091
51,2490.23438,31.1692829
52,2539.0625,34.7994957
53,2587.89062,37.8513412
54,2636.71875,27.0142651
55,2685.54688,34.0451775
56,2734.375,33.0535126
57,2783.20312,30.9914513
58,2832.03125,35.077076
59,2880.85938,26.7232494
60,2929.6875,28.6125851
61,2978.51562,33.3099098
62,3027.34375,32.5677795
63,3076.17188,33.0172424
64,3125,40.3632927
65,3173.82812,27.014019
66,3222.65625,25.0304565
67,3271.48438,29.5772209
68,3320.3125,37.1389351
69,3369.14062,26.8381214
70,3417.96875,28.996891
71,3466.79688,40.5585556
72,3515.625,30.226965
73,3564.45312,33.294384
74,3613.28125,22.6009102
75,3662.10938,28.069664
76,3710.9375,27.049221
77,3759.76562,36.2395172
78,3808.59375,35.0026398
79,3857.42188,28.4186459
80,3906.25,33.6184578
81,3955.07812,35.6065369
82,4003.90625,31.78335
83,4052.73438,32.1277924
84,4101.5625,31.8607998
85,4150.39062,22.6561184
86,4199.21875,35.1057854
87,4248.04688,22.7502975
88,4296.875,34.3945923
89,4345.70312,26.6514111
90,4394.53125,24.3189068
91,4443.35938,28.4538994
92,4492.1875,27.5903301
93,4541.01562,34.0167618
94,4589.84375,25.9289513
95,4638.67188,41.765831
96,4687.5,34.3264847
97,4736.32812,27.1744633
98,4785.15625,33.2572098
99,4833.98438,29.181942
100,4882.8125,30.1539211
101,4931.64062,28.0281639
102,4980.46875,23.4232063
103,5029.29688,27.3578663
104,5078.125,21.7026157
105,5126.95312,26.8775177
106,5175.78125,26.6388912
107,5224.60938,21.3876705
108,5273.4375,23.9624195
109,5322.26562,34.2626724
110,5371.09375,39.6199036
111,5419.92188,24.8198471
112,5468.75,36.6950264
113,5517.57812,37.7411537
114,5566.40625,24.8782063
115,5615.23438,22.5715332
116,5664.0625,28.8609581
117,5712.89062,22.6847878
118,5761.71875,35.8579903
119,5810.54688,30.8893299
120,5859.375,25.1033878
121,5908.20312,26.1704063
122,5957.03125,26.5267601
123,6005.85938,24.0390854
124,6054.6875,38.2923927
125,6103.51562,31.4971161
126,6152.34375,26.400135
127,6201.17188,27.3289604
128,6250,23.0888443
129,6298.82812,18.1683941
130,6347.65625,25.8619328
131,6396.48438,29.2759857
132,6445.3125,22.2593918
133,6494.14062,28.5733242
134,6542.96875,21.8420639
135,6591.79688,27.1474876
136,6640.625,28.3537331
137,6689.45312,24.424799
138,6738.28125,21.0311928
139,6787.10938,32.4514236
140,6835.9375,25.1296787
141,6884.76562,28.5064621
142,6933.59375,27.788744
143,6982.42188,19.2583466
144,7031.25,21.3049469
145,7080.07812,19.9435101
146,7128.90625,30.3925533
147,7177.73438,28.7063789
148,7226.5625,26.5720291
149,7275.39062,24.3743343
150,7324.21875,16.3927231
151,7373.04688,25.439949
152,7421.875,23.193573
153,7470.70312,36.7292862
154,7519.53125,34.7202454
155,7568.35938,18.3544655
156,7617.1875,25.7449436
157,7666.01562,18.5219841
158,7714.84375,21.5136986
159,7763.67188,21.9646873
160,7812.5,19.6204147
161,7861.32812,26.9099312
162,7910.15625,25.4167538
163,7958.98438,23.1310749
164,8007.8125,30.9656239
165,8056.64062,27.2656422
166,8105.46875,25.1922207
167,8154.29688,19.787714
168,8203.125,23.8960915
169,8251.95312,25.1188316
170,8300.78125,33.8916626
171,8349.60938,20.0432129
172,8398.4375,23.7812519
173,8447.26562,35.816082
174,8496.09375,20.3420753
175,8544.92188,35.7170906
176,8593.75,22.7100468
177,8642.57812,16.4861221
178,8691.40625,28.4385529
179,8740.23438,24.8262138
180,8789.0625,17.8037281
181,8837.89062,19.955061
182,8886.71875,21.5888214
183,8935.54688,17.057991
184,8984.375,27.0329132
185,9033.20312,21.0767765
186,9082.03125,-120
187,9130.85938,29.1349602
188,9179.6875,16.7481594
189,9228.51562,37.0044403
190,9277.34375,15.2557964
191,9326.17188,23.7215347
192,9375,24.0150833
193,9423.82812,23.7909622
194,9472.65625,18.9091511
195,9521.48438,24.2569733
196,9570.3125,14.5833569
197,9619.14062,18.5926285
198,9667.96875,16.6727333
199,9716.79688,16.5321255
200,9765.625,27.6581764
201,9814.45312,17.0195484
202,9863.28125,17.1332722
203,9912.10938,20.0966339
204,9960.9375,21.051693
205,10009.7656,15.5834856
206,10058.5938,19.8533649
207,10107.4219,20.9085464
208,10156.25,24.7792473
209,10205.0781,18.9486961
210,10253.9062,15.8446417
211,10302.7344,18.2465458
212,10351.5625,18.7970104
213,10400.3906,14.1968784
214,10449.2188,20.7518196
215,10498.0469,19.2441902
216,10546.875,24.4834938
217,10595.7031,13.6621628
218,10644.5312,14.9329929
219,10693.3594,23.6716938
220,10742.1875,16.4716549
221,10791.0156,15.0950127
222,10839.8438,21.1826477
223,10888.6719,12.7156277
224,10937.5,16.2511234
225,10986.3281,13.6234655
226,11035.1562,15.8015814
227,11083.9844,29.0700817
228,11132.8125,13.0835533
229,11181.6406,17.14575
230,11230.4688,12.591939
231,11279.2969,13.0692883
232,11328.125,18.692318
233,11376.9531,12.3131123
234,11425.7812,11.3208208
235,11474.6094,14.3799982
236,11523.4375,18.8800659
237,11572.2656,8.65401649
238,11621.0938,12.51299
239,11669.9219,15.5248489
240,11718.75,10.3648796
241,11767.5781,17.1078033
242,11816.4062,13.583828
243,11865.2344,11.325552
244,11914.0625,13.2574024
245,11962.8906,19.8659954
246,12011.7188,8.35066509
247,12060.5469,8.04019737
248,12109.375,12.6499939
249,12158.2031,8.67576027
250,12207.0312,21.1512089
251,12255.8594,11.1209631
252,12304.6875,11.1652756
253,12353.5156,7.02719402
254,12402.3438,10.4102001
255,12451.1719,11.58498
256,12500,12.7019672
257,12548.8281,11.8708658
258,12597.6562,12.3504934
259,12646.4844,8.10623074
260,12695.3125,9.72298908
261,12744.1406,10.8804836
262,12792.9688,10.4268532
263,12841.7969,11.3456202
264,12890.625,11.728364
265,12939.4531,11.3097668
266,12988.2812,9.36832333
267,13037.1094,12.5753736
268,13085.9375,10.0372791
269,13134.7656,11.8169193
270,13183.5938,16.608654
271,13232.4219,9.40654564
272,13281.25,7.5845356
273,13330.0781,15.544426
274,13378.9062,16.3031483
275,13427.7344,9.88127899
276,13476.5625,24.18964
277,13525.3906,12.3018818
278,13574.2188,11.0931091
279,13623.0469,10.9377184
280,13671.875,14.1669788
281,13720.7031,10.5874968
282,13769.5312,9.30096626
283,13818.3594,17.4009037
284,13867.1875,8.29946709
285,13916.0156,14.4983435
286,13964.8438,12.3044891
287,14013.6719,18.2994671
288,14062.5,6.64850903
289,14111.3281,7.55050421
290,14160.1562,11.6717319
291,14208.9844,12.1523113
292,14257.8125,8.99099541
293,14306.6406,10.4784727
294,14355.4688,8.67952728
295,14404.2969,10.8635988
296,14453.125,10.9236984
297,14501.9531,8.96780491
298,14550.7812,12.9139051
299,14599.6094,8.57126236
300,14648.4375,7.2849369
301,14697.2656,9.25331879
302,14746.0938,16.777956
303,14794.9219,7.80768633
304,14843.75,8.74114037
305,14892.5781,11.6887474
306,14941.4062,14.47577
307,14990.2344,8.90378094
308,15039.0625,14.3687525
309,15087.8906,16.9986763
310,15136.7188,7.9576931
311,15185.5469,14.2324591
312,15234.375,9.3681612
313,15283.2031,14.079916
314,15332.0312,15.4832592
315,15380.8594,8.32602787
316,15429.6875,8.71543121
317,15478.5156,12.2279778
318,15527.3438,9.27205467
319,15576.1719,12.8733826
320,15625,5.42895842
321,15673.8281,13.1065664
322,15722.6562,6.31326628
323,15771.4844,6.03083086
324,15820.3125,6.19013548
325,15869.1406,7.6202178
326,15917.9688,6.35601091
327,15966.7969,11.8247805
328,16015.625,8.91897488
329,16064.4531,6.79541492
330,16113.2812,12.7945623
331,16162.1094,9.51143169
332,16210.9375,18.7026615
333,16259.7656,13.1435089
334,16308.5938,8.65673828
335,16357.4219,9.71792126
336,16406.25,11.7497635
337,16455.0781,12.5575466
338,16503.9062,9.49676991
339,16552.7344,10.5350533
340,16601.5625,2.7102077
341,16650.3906,10.0166712
342,16699.2188,6.04304361
343,16748.0469,6.32183123
344,16796.875,1.60465968
345,16845.7031,6.26883602
346,16894.5312,9.51852989
347,16943.3594,2.40852141
348,16992.1875,12.2334375
349,17041.0156,9.11362553
350,17089.8438,10.8635988
351,17138.6719,14.4424009
352,17187.5,4.91072702
353,17236.3281,6.92406225
354,17285.1562,7.79128313
355,17333.9844,6.64392471
356,17382.8125,7.88021994
357,17431.6406,4.22763586
358,17480.4688,7.19482899
359,17529.2969,7.54078388
360,17578.125,7.70752478
361,17626.9531,2.91782808
362,17675.7812,5.93532181
363,17724.6094,9.71792126
364,17773.4375,3.55105305
365,17822.2656,2.83996701
366,17871.0938,10.5097046
367,17919.9219,6.92776728
368,17968.75,10.7618618
369,18017.5781,7.46322727
370,18066.4062,10.9989491
371,18115.2344,7.7016139
372,18164.0625,11.7881413
373,18212.8906,4.62730694
374,18261.7188,3.20458555
375,18310.5469,5.44598007
376,18359.375,4.63692093
377,18408.2031,8.02363205
378,18457.0312,4.41471815
379,18505.8594,8.12913322
380,18554.6875,2.98838472
381,18603.5156,6.65864897
382,18652.3438,5.34909821
383,18701.1719,0.315272778
384,18750,6.95121002
385,18798.8281,3.91649961
386,18847.6562,9.84967804
387,18896.4844,9.31782818
388,18945.3125,8.20703602
389,18994.1406,9.5724802
390,19042.9688,6.10933542
391,19091.7969,3.28156519
392,19140.625,6.81864738
393,19189.4531,4.5404644
394,19238.2812,3.39691257
395,19287.1094,4.64122534
396,19335.9375,8.19203472
397,19384.7656,7.12217522
398,19433.5938,5.64633465
399,19482.4219,-0.107238553
400,19531.25,6.42965031
401,19580.0781,3.74537992
402,19628.9062,5.88100147
403,19677.7344,11.3363276
404,19726.5625,8.52065468
405,19775.3906,4.14973354
406,19824.2188,1.33538961
407,19873.0469,4.62465763
408,19921.875,3.55167365
409,19970.7031,7.61563063
